{"stats":{"minecraft:picked_up":{"quark:diamond_heart":1,"minecraft:iron_chestplate":1,"illagerinvasion:platinum_chunk":3,"minecraft:lead":1,"biomesoplenty:orange_autumn_sapling":35,"biomesoplenty:stripped_redwood_wood":4,"minecraft:potion":1,"friendsandfoes:buttercup":6,"biomesoplenty:blood_bucket":1,"spawnersplus:spawner_fragment":7,"minecraft:string":61,"minecraft:dark_oak_trapdoor":1,"minecraft:raw_copper":9,"biomesoplenty:yellow_autumn_sapling":17,"minecraft:iron_leggings":2,"minecraft:pufferfish":6,"minecraft:gold_nugget":10,"minecraft:deepslate_tiles":2,"minecraft:cobbled_deepslate":265,"twigs:pebble":3,"delightful:acorn":15,"minecraft:rose_bush":4,"bygonenether:soul_stone":5,"nethersdelight:hoglin_sirloin":1,"alexsmobs:raccoon_tail":1,"biomesoplenty:redwood_wood":26,"delightful:green_tea_leaf":27,"farmersdelight:cabbage_seeds":1,"minecraft:iron_boots":4,"minecraft:golden_helmet":1,"minecraft:stick":8,"minecraft:torch":556,"hearth_and_home:cobblestone_bricks":4,"conjurer_illager:throwable_ball":2,"minecraft:dried_kelp":26,"minecraft:diorite":46,"cataclysm:amethyst_crab_shell":3,"minecraft:golden_chestplate":1,"quark:ancient_tome":1,"minecraft:stone_sword":3,"minecraft:rotten_flesh":71,"minecraft:tropical_fish":5,"alexsmobs:flying_fish_boots":1,"aether:chainmail_gloves":1,"supplementaries:antique_ink":3,"minecraft:glowstone":8,"supplementaries:ash":34,"minecraft:blaze_rod":11,"minecraft:obsidian":10,"minecraft:iron_bars":7,"minecraft:cod":40,"minecraft:snowball":77,"minecraft:cobblestone":1065,"minecraft:birch_log":547,"minecraft:lilac":2,"minecraft:iron_door":15,"minecraft:birch_slab":38,"minecraft:andesite":4,"minecraft:golden_leggings":1,"minecraft:tuff":17,"minecraft:lapis_lazuli":41,"minecraft:dirt":859,"minecraft:stripped_birch_log":24,"minecraft:bone":37,"minecraft:bow":1,"minecraft:wheat_seeds":37,"minecraft:raw_gold":23,"minecraft:mossy_stone_bricks":27,"minecraft:glowstone_dust":2,"minecraft:moss_block":3,"twigs:twig":139,"minecraft:oak_planks":200,"minecraft:mossy_stone_brick_stairs":1,"patchouli:guide_book":2,"crabbersdelight:crab":4,"minecraft:sand":2,"minecraft:ink_sac":4,"minecraft:dark_oak_log":98,"biomesoplenty:hellbark_log":1,"minecraft:sugar":1,"minecraft:diamond":16,"minecraft:bone_meal":1,"minecraft:granite":59,"minecraft:emerald":32,"alexsmobs:banana_slug_slime":1,"minecraft:netherrack":431,"minecraft:oak_sapling":42,"twigs:rhyolite":17,"crabbersdelight:shrimp":5,"minecraft:dark_oak_fence":2,"minecraft:diamond_pickaxe":1,"biomesoplenty:redwood_log":1,"minecraft:crafting_table":1,"twigs:petrified_lichen":2,"minecraft:nether_wart":1,"minecraft:ladder":4,"minecraft:brown_mushroom":1,"friendsandfoes:totem_of_illusion":3,"minecraft:wooden_pickaxe":1,"minecraft:gold_block":1,"minecraft:shield":3,"minecraft:heavy_weighted_pressure_plate":4,"minecraft:moss_carpet":6,"minecraft:birch_fence":24,"minecraft:cracked_stone_bricks":8,"handcrafted:birch_pillar_trim":40,"minecraft:oak_boat":1,"minecraft:poppy":4,"supplementaries:rope":2,"minecraft:birch_sapling":104,"aether:iron_pendant":1,"minecraft:egg":1,"minecraft:raw_iron":58,"minecraft:copper_ingot":1,"minecraft:bowl":1,"crabbersdelight:clam":1,"alexsmobs:straddlite":2,"biomesoplenty:blackstone_spines":2,"minecraft:carrot":3,"minecraft:redstone":25,"minecraft:dark_oak_planks":11,"minecraft:arrow":41,"minecraft:cooked_cod":15,"minecraft:deepslate_bricks":3,"minecraft:cracked_deepslate_bricks":2,"minecraft:gold_ingot":3,"minecraft:black_banner":1,"minecraft:glow_berries":1,"minecraft:rail":3,"minecraft:stripped_oak_log":14,"minecraft:basalt":11,"crabbersdelight:clawster":6,"minecraft:salmon":27,"minecraft:leather":1,"minecraft:red_mushroom":4,"minecraft:birch_planks":164,"minecraft:mushroom_stew":2,"minecraft:oak_log":255,"minecraft:lily_pad":1,"minecraft:golden_boots":2,"minecraft:gunpowder":24,"minecraft:white_banner":2,"quark:forgotten_hat":1,"minecraft:cooked_mutton":3,"supplementaries:wrench":1,"minecraft:apple":17,"minecraft:stone_bricks":80,"minecraft:kelp":97,"minecraft:iron_ingot":14,"minecraft:stone_pickaxe":1,"minecraft:cooked_chicken":6,"minecraft:glass_bottle":2,"minecraft:iron_sword":1,"minecraft:music_disc_chirp":2,"minecraft:book":6,"minecraft:dark_oak_slab":1,"biomesoplenty:blackstone_bulb":27,"minecraft:sweet_berries":3,"minecraft:chiseled_stone_bricks":2,"minecraft:quartz":23,"waystones:mossy_waystone":2,"minecraft:gravel":13,"minecraft:birch_stairs":19,"minecraft:spruce_sapling":2,"minecraft:blast_furnace":2,"delightful:salmonberries":2,"minecraft:spruce_log":7,"minecraft:nether_brick_slab":3,"illagerinvasion:illusionary_dust":1,"minecraft:spider_eye":15,"biomesoplenty:bramble":37,"biomesoplenty:maple_sapling":32,"minecraft:stone_axe":1,"minecraft:coal":47,"minecraft:ender_pearl":1},"minecraft:used":{"minecraft:moss_block":1,"minecraft:ladder":3,"minecraft:shield":27,"minecraft:stone":43,"minecraft:iron_sword":218,"crabbersdelight:clawster":2,"minecraft:rotten_flesh":188,"minecraft:carrot":4,"minecraft:axolotl_bucket":3,"minecraft:snowball":60,"minecraft:glass":37,"minecraft:lava_bucket":2,"friendsandfoes:totem_of_illusion":3,"minecraft:birch_sapling":102,"minecraft:music_disc_chirp":2,"minecraft:dark_oak_slab":2,"minecraft:stone_bricks":80,"delightful:green_tea_leaf":10,"minecraft:bow":2,"minecraft:oak_sapling":6,"minecraft:furnace":2,"minecraft:cooked_cod":32,"minecraft:egg":1,"minecraft:mossy_stone_bricks":11,"minecraft:stripped_birch_log":20,"minecraft:stone_pickaxe":175,"minecraft:oak_planks":250,"alexsmobs:flying_fish_boots":3,"minecraft:wooden_pickaxe":29,"minecraft:diamond_axe":1112,"minecraft:golden_apple":6,"minecraft:dark_oak_trapdoor":2,"minecraft:golden_hoe":32,"minecraft:mushroom_stew":2,"minecraft:birch_fence":36,"conjurer_illager:throwable_ball":2,"minecraft:dark_oak_log":1,"minecraft:birch_slab":50,"minecraft:heavy_weighted_pressure_plate":4,"minecraft:bread":4,"shieldexp:diamond_shield":10,"minecraft:iron_door":7,"nethersdelight:hoglin_sirloin":1,"minecraft:diamond_sword":434,"minecraft:andesite":2,"minecraft:birch_log":324,"minecraft:oak_boat":1,"delightful:acorn":2,"quark:birch_chest":4,"minecraft:stone_sword":79,"minecraft:cracked_deepslate_bricks":2,"minecraft:armor_stand":1,"minecraft:stone_shovel":18,"minecraft:dried_kelp":98,"minecraft:spruce_planks":1,"crabbersdelight:crab":1,"minecraft:netherrack":173,"minecraft:cooked_salmon":22,"minecraft:stone_hoe":138,"minecraft:cooked_chicken":4,"minecraft:oak_door":2,"minecraft:torch":643,"minecraft:dirt":456,"minecraft:oak_fence_gate":2,"minecraft:iron_hoe":403,"minecraft:dark_oak_planks":130,"minecraft:iron_axe":336,"biomesoplenty:redwood_wood":9,"minecraft:iron_boots":4,"minecraft:basalt":2,"handcrafted:birch_pillar_trim":49,"minecraft:blaze_rod":11,"biomesoplenty:blood_bucket":4,"minecraft:cooked_beef":2,"minecraft:cobbled_deepslate":138,"minecraft:golden_axe":35,"minecraft:cooked_mutton":6,"minecraft:wheat_seeds":8,"minecraft:water_bucket":102,"minecraft:birch_planks":606,"quark:forgotten_hat":1,"minecraft:deepslate_bricks":3,"delightful:salmonberries":1,"minecraft:crafting_table":9,"minecraft:white_bed":3,"minecraft:cod":2,"biomesoplenty:orange_autumn_sapling":7,"minecraft:oak_log":53,"minecraft:diamond_pickaxe":1631,"minecraft:apple":28,"minecraft:diamond_shovel":706,"quark:pickarang":85,"waystones:mossy_waystone":2,"supplementaries:wrench":60,"minecraft:iron_pickaxe":329,"minecraft:stone_axe":304,"twigs:twig":1,"minecraft:chiseled_stone_bricks":1,"minecraft:fishing_rod":104,"quark:dark_oak_chest":1,"minecraft:cobblestone":360,"minecraft:cooked_porkchop":5,"minecraft:bucket":113,"quark:oak_chest":6,"alexsmobs:animal_dictionary":4,"twigs:pebble":1,"hearth_and_home:cobblestone_bricks":22,"minecraft:kelp":1,"minecraft:birch_stairs":21},"minecraft:killed":{"minecraft:cave_spider":3,"minecraft:zombified_piglin":1,"minecraft:witch":11,"minecraft:spider":26,"minecraft:cod":14,"minecraft:skeleton":18,"alexsmobs:orca":1,"minecraft:silverfish":13,"alexsmobs:straddler":8,"minecraft:illusioner":2,"quark:stoneling":1,"minecraft:salmon":11,"alexsmobs:stradpole":1,"minecraft:creeper":10,"minecraft:pillager":6,"minecraft:zombie":67,"minecraft:blaze":10,"alexsmobs:raccoon":3,"illagerinvasion:marauder":2,"quark:toretoise":2,"minecraft:phantom":1,"minecraft:hoglin":1,"minecraft:wither_skeleton":6,"minecraft:player":3,"minecraft:enderman":10},"minecraft:broken":{"minecraft:diamond_pickaxe":1,"minecraft:stone_axe":2,"minecraft:iron_hoe":1,"minecraft:golden_hoe":1,"minecraft:stone_hoe":1,"minecraft:golden_axe":1,"minecraft:iron_axe":1,"minecraft:iron_pickaxe":1},"minecraft:killed_by":{"minecraft:blaze":1,"minecraft:zombie":2,"minecraft:player":3,"alexsmobs:centipede_head":1,"minecraft:skeleton":2},"minecraft:custom":{"minecraft:interact_with_crafting_table":111,"minecraft:open_barrel":21,"goblintraders:trade_with_goblin":31,"minecraft:leave_game":8,"minecraft:time_since_death":19642,"minecraft:sprint_one_cm":1722675,"minecraft:damage_blocked_by_shield":2023,"minecraft:drop":150,"minecraft:talked_to_villager":1,"minecraft:play_time":754114,"minecraft:deaths":9,"minecraft:jump":10386,"minecraft:walk_on_water_one_cm":112879,"minecraft:enchant_item":3,"minecraft:interact_with_furnace":117,"minecraft:play_record":2,"minecraft:sleep_in_bed":19,"minecraft:waystone_activated":3,"minecraft:damage_dealt":47538,"minecraft:player_kills":4,"minecraft:crouch_one_cm":145416,"minecraft:inspect_dispenser":3,"minecraft:interact_with_smithing_table":3,"minecraft:interact_with_anvil":6,"minecraft:mob_kills":240,"minecraft:interact_with_campfire":13,"minecraft:climb_one_cm":13381,"minecraft:walk_one_cm":2520915,"minecraft:sneak_time":39713,"minecraft:walk_under_water_one_cm":83998,"minecraft:boat_one_cm":137627,"minecraft:interact_with_blast_furnace":26,"minecraft:total_world_time":754114,"minecraft:interact_with_grindstone":2,"minecraft:time_since_rest":13042,"minecraft:damage_taken":11286,"minecraft:damage_absorbed":154,"twilightforest:life_charms_activated":1,"minecraft:swim_one_cm":227559,"minecraft:fly_one_cm":1429230,"minecraft:open_chest":769,"minecraft:fish_caught":41,"minecraft:fall_one_cm":194524},"minecraft:dropped":{"minecraft:iron_sword":1,"minecraft:birch_planks":15,"alexsmobs:banana_slug_slime":1,"minecraft:diamond":1,"minecraft:glass_bottle":2,"minecraft:cracked_stone_bricks":2,"minecraft:black_banner":1,"minecraft:carrot_on_a_stick":2,"minecraft:birch_slab":9,"minecraft:red_mushroom":3,"minecraft:emerald":6,"minecraft:dirt":6,"supplementaries:rope":2,"biomesoplenty:stripped_redwood_wood":4,"minecraft:snowball":17,"minecraft:bone_meal":1,"minecraft:sand":2,"minecraft:birch_log":4,"twigs:twig":14,"spawnersplus:spawner_fragment":3,"cataclysm:amethyst_crab_shell":3,"minecraft:gravel":11,"minecraft:stone_axe":1,"minecraft:golden_chestplate":1,"minecraft:cobbled_deepslate":68,"crabbersdelight:shrimp":1,"minecraft:obsidian":5,"minecraft:rotten_flesh":32,"minecraft:oak_planks":175,"biomesoplenty:orange_autumn_sapling":13,"minecraft:cooked_mutton":3,"minecraft:salmon":9,"supplementaries:ash":9,"minecraft:tipped_arrow":40,"minecraft:deepslate_tiles":2,"minecraft:gunpowder":14,"minecraft:ladder":4,"minecraft:iron_bars":4,"minecraft:arrow":48,"crabbersdelight:clawster":2,"minecraft:netherrack":180,"minecraft:stone_hoe":1,"minecraft:enchanted_book":1,"minecraft:iron_ingot":3,"minecraft:golden_helmet":1,"minecraft:wheat_seeds":1,"minecraft:iron_helmet":3,"minecraft:cobblestone":32,"minecraft:book":3,"minecraft:apple":2,"delightful:green_tea_leaf":2,"minecraft:granite":4,"biomesoplenty:blood_bucket":2,"minecraft:copper_ingot":1,"friendsandfoes:buttercup":4,"minecraft:stick":7,"minecraft:lava_bucket":1,"illagerinvasion:platinum_chunk":1,"minecraft:ink_sac":4,"minecraft:torch":77,"minecraft:iron_leggings":2,"delightful:acorn":4,"minecraft:white_banner":1,"minecraft:string":13,"delightful:salmonberries":1,"minecraft:spruce_sapling":2,"twigs:rhyolite":1,"minecraft:moss_carpet":4,"twigs:petrified_lichen":2,"minecraft:stone_sword":1,"minecraft:bowl":1,"minecraft:iron_boots":4,"minecraft:blast_furnace":1,"minecraft:diamond_sword":1,"minecraft:shield":1,"supplementaries:rope_arrow":1,"minecraft:iron_chestplate":1,"minecraft:andesite":2,"minecraft:mossy_stone_bricks":5,"minecraft:golden_leggings":1,"minecraft:oak_sapling":1,"minecraft:spider_eye":1,"minecraft:spruce_log":6,"minecraft:bow":1,"hearth_and_home:cobblestone_bricks":3},"minecraft:crafted":{"minecraft:oak_planks":432,"quark:birch_chest":4,"minecraft:birch_slab":30,"aether:golden_ring":1,"minecraft:diamond_shovel":1,"hearth_and_home:cobblestone_bricks":24,"minecraft:iron_boots":3,"aether:diamond_gloves":1,"minecraft:stone_hoe":2,"minecraft:golden_axe":1,"minecraft:cooked_porkchop":5,"minecraft:diamond_axe":1,"minecraft:crafting_table":9,"minecraft:spruce_planks":4,"minecraft:iron_helmet":4,"minecraft:wooden_pickaxe":1,"minecraft:birch_planks":668,"supplementaries:wrench":1,"minecraft:iron_chestplate":1,"minecraft:diamond_pickaxe":1,"minecraft:shield":2,"minecraft:birch_fence":24,"minecraft:stick":160,"quark:oak_chest":6,"minecraft:iron_ingot":77,"minecraft:iron_pickaxe":2,"minecraft:iron_block":2,"minecraft:stone_sword":2,"minecraft:gold_ingot":27,"quark:pickarang":1,"minecraft:birch_stairs":12,"minecraft:oak_door":3,"minecraft:stone_shovel":1,"minecraft:fishing_rod":4,"minecraft:iron_nugget":3,"minecraft:furnace":2,"minecraft:dark_oak_trapdoor":2,"quark:dark_oak_chest":1,"minecraft:iron_axe":1,"minecraft:ladder":8,"minecraft:iron_hoe":2,"shieldexp:diamond_shield":1,"minecraft:stone_pickaxe":3,"minecraft:dark_oak_planks":376,"minecraft:cooked_cod":14,"minecraft:diamond_sword":1,"minecraft:dried_kelp":104,"minecraft:iron_sword":2,"minecraft:cooked_salmon":22,"minecraft:bucket":2,"minecraft:stone_axe":3,"minecraft:air":0,"minecraft:oak_fence_gate":2,"handcrafted:birch_pillar_trim":12,"minecraft:white_wool":9,"minecraft:gold_nugget":1,"minecraft:iron_leggings":3,"minecraft:white_bed":3,"minecraft:torch":168,"minecraft:carrot_on_a_stick":3,"minecraft:diamond_chestplate":1,"minecraft:golden_hoe":1},"minecraft:mined":{"minecraft:dark_oak_planks":7,"minecraft:farmland":3,"minecraft:sculk_vein":1,"minecraft:obsidian":6,"minecraft:granite":69,"biomesoplenty:bramble":29,"minecraft:grass_block":570,"twigs:twig":4,"minecraft:deepslate_bricks":3,"supplementaries:blaze_rod":7,"minecraft:chiseled_stone_bricks":2,"minecraft:spawner":13,"biomesoplenty:blackstone_bulb":36,"biomesoplenty:bramble_leaves":3,"minecraft:tall_seagrass":3,"minecraft:glowstone":8,"supplementaries:ash":12,"minecraft:dark_oak_trapdoor":1,"diagonalfences:minecraft/birch_fence":24,"minecraft:fire":28,"minecraft:iron_ore":30,"minecraft:cobbled_deepslate":13,"minecraft:moss_carpet":1,"minecraft:deepslate_lapis_ore":3,"biomesoplenty:hellbark_log":1,"supplementaries:stick":1,"diagonalfences:minecraft/dark_oak_fence":2,"minecraft:dirt_path":2,"minecraft:iron_bars":3,"minecraft:tripwire":3,"minecraft:deepslate_redstone_ore":6,"minecraft:kelp_plant":24,"biomesoplenty:blackstone_spines":2,"minecraft:torch":15,"minecraft:blast_furnace":1,"minecraft:nether_brick_slab":6,"minecraft:nether_quartz_ore":19,"minecraft:glass":2,"minecraft:cobblestone":186,"friendsandfoes:buttercup":3,"minecraft:oak_planks":25,"minecraft:iron_door":10,"minecraft:wall_torch":28,"minecraft:birch_sapling":7,"minecraft:seagrass":10,"minecraft:dark_oak_slab":1,"minecraft:birch_log":603,"minecraft:wheat":1,"biomesoplenty:hair":5,"minecraft:lilac":3,"minecraft:grass":222,"minecraft:oak_log":272,"minecraft:sand":1,"minecraft:dirt":223,"twigs:rhyolite":19,"minecraft:netherrack":325,"minecraft:oak_leaves":31,"minecraft:deepslate":312,"minecraft:nether_gold_ore":2,"biomesoplenty:orange_autumn_leaves":3,"minecraft:deepslate_tiles":2,"minecraft:diamond_ore":1,"minecraft:crying_obsidian":1,"minecraft:tuff":28,"minecraft:deepslate_diamond_ore":10,"farmersdelight:wild_carrots":4,"minecraft:stripped_birch_log":25,"minecraft:dark_oak_log":105,"minecraft:nether_bricks":1,"hearth_and_home:cobblestone_bricks":1,"minecraft:glow_lichen":1,"minecraft:birch_slab":27,"minecraft:spruce_leaves":21,"handcrafted:birch_pillar_trim":41,"biomesoplenty:dead_grass":1,"minecraft:red_mushroom":2,"minecraft:infested_chiseled_stone_bricks":1,"minecraft:kelp":12,"minecraft:heavy_weighted_pressure_plate":4,"minecraft:andesite":23,"minecraft:gold_block":1,"biomesoplenty:rainbow_birch_leaves":1,"minecraft:deepslate_iron_ore":27,"minecraft:vine":12,"minecraft:stripped_oak_log":14,"minecraft:stone":666,"minecraft:podzol":5,"minecraft:birch_stairs":19,"minecraft:crafting_table":1,"minecraft:rose_bush":5,"twigs:petrified_lichen":2,"minecraft:copper_ore":1,"minecraft:tall_grass":17,"biomesoplenty:sprout":3,"minecraft:lapis_ore":5,"minecraft:deepslate_gold_ore":22,"delightful:wild_salmonberries":1,"minecraft:cracked_deepslate_bricks":2,"minecraft:diorite":54,"supplementaries:urn":4,"minecraft:birch_planks":154,"biomesoplenty:yellow_autumn_leaves":2,"minecraft:black_wall_banner":1,"minecraft:spruce_log":6,"minecraft:birch_leaves":8,"minecraft:coal_ore":50,"bygonenether:soul_stone":5,"minecraft:gravel":13,"biomesoplenty:stripped_redwood_wood":8,"minecraft:cobweb":36,"minecraft:cracked_stone_bricks":9,"minecraft:stone_bricks":93,"minecraft:mossy_stone_bricks":24,"biomesoplenty:redwood_wood":30,"minecraft:fern":46}},"DataVersion":3465}