{"stats":{"minecraft:custom":{"minecraft:interact_with_crafting_table":87,"goblintraders:trade_with_goblin":31,"minecraft:leave_game":7,"minecraft:time_since_death":421025,"minecraft:sprint_one_cm":1317295,"minecraft:damage_blocked_by_shield":1423,"minecraft:drop":119,"minecraft:talked_to_villager":1,"minecraft:play_time":580752,"minecraft:deaths":7,"minecraft:jump":8051,"minecraft:walk_on_water_one_cm":77653,"minecraft:enchant_item":1,"minecraft:interact_with_furnace":93,"minecraft:sleep_in_bed":18,"minecraft:waystone_activated":3,"minecraft:damage_dealt":30861,"minecraft:player_kills":2,"minecraft:crouch_one_cm":105437,"minecraft:inspect_dispenser":3,"minecraft:interact_with_anvil":5,"minecraft:mob_kills":167,"minecraft:interact_with_campfire":13,"minecraft:climb_one_cm":10479,"minecraft:walk_one_cm":2053852,"minecraft:sneak_time":29086,"minecraft:walk_under_water_one_cm":53129,"minecraft:boat_one_cm":137627,"minecraft:interact_with_blast_furnace":4,"minecraft:total_world_time":580752,"minecraft:time_since_rest":1472,"minecraft:damage_taken":7435,"minecraft:damage_absorbed":18,"minecraft:swim_one_cm":111730,"minecraft:fly_one_cm":1041398,"minecraft:open_chest":430,"minecraft:fish_caught":21,"minecraft:fall_one_cm":151733},"minecraft:broken":{"minecraft:stone_axe":2,"minecraft:iron_hoe":1,"minecraft:golden_hoe":1,"minecraft:stone_hoe":1,"minecraft:golden_axe":1,"minecraft:iron_axe":1},"minecraft:picked_up":{"minecraft:iron_chestplate":1,"illagerinvasion:platinum_chunk":3,"minecraft:lead":1,"biomesoplenty:orange_autumn_sapling":35,"biomesoplenty:stripped_redwood_wood":4,"minecraft:potion":1,"friendsandfoes:buttercup":4,"spawnersplus:spawner_fragment":7,"minecraft:string":56,"minecraft:dark_oak_trapdoor":1,"minecraft:raw_copper":4,"biomesoplenty:yellow_autumn_sapling":17,"minecraft:iron_leggings":1,"minecraft:pufferfish":2,"minecraft:deepslate_tiles":2,"minecraft:cobbled_deepslate":163,"twigs:pebble":2,"delightful:acorn":15,"minecraft:rose_bush":4,"alexsmobs:raccoon_tail":1,"biomesoplenty:redwood_wood":26,"delightful:green_tea_leaf":27,"minecraft:iron_boots":4,"minecraft:stick":8,"minecraft:torch":162,"hearth_and_home:cobblestone_bricks":3,"minecraft:dried_kelp":26,"minecraft:diorite":1,"minecraft:stone_sword":3,"minecraft:rotten_flesh":57,"minecraft:tropical_fish":1,"supplementaries:antique_ink":3,"supplementaries:ash":34,"minecraft:obsidian":10,"minecraft:iron_bars":7,"minecraft:cod":26,"minecraft:snowball":77,"minecraft:cobblestone":783,"minecraft:birch_log":547,"minecraft:lilac":2,"minecraft:iron_door":12,"minecraft:birch_slab":38,"minecraft:andesite":1,"minecraft:tuff":17,"minecraft:lapis_lazuli":41,"minecraft:dirt":845,"minecraft:stripped_birch_log":24,"minecraft:bone":18,"minecraft:bow":1,"minecraft:wheat_seeds":35,"minecraft:raw_gold":19,"minecraft:mossy_stone_bricks":27,"minecraft:glowstone_dust":2,"twigs:twig":139,"minecraft:oak_planks":200,"minecraft:mossy_stone_brick_stairs":1,"patchouli:guide_book":2,"crabbersdelight:crab":3,"minecraft:sand":2,"minecraft:ink_sac":4,"minecraft:dark_oak_log":98,"minecraft:sugar":1,"minecraft:diamond":5,"minecraft:granite":59,"minecraft:emerald":32,"minecraft:oak_sapling":42,"twigs:rhyolite":16,"crabbersdelight:shrimp":1,"minecraft:dark_oak_fence":2,"minecraft:diamond_pickaxe":1,"biomesoplenty:redwood_log":1,"minecraft:crafting_table":1,"twigs:petrified_lichen":2,"minecraft:ladder":4,"friendsandfoes:totem_of_illusion":3,"minecraft:wooden_pickaxe":1,"minecraft:gold_block":1,"minecraft:shield":3,"minecraft:heavy_weighted_pressure_plate":4,"minecraft:moss_carpet":2,"minecraft:birch_fence":24,"minecraft:cracked_stone_bricks":8,"handcrafted:birch_pillar_trim":40,"minecraft:oak_boat":1,"minecraft:poppy":4,"supplementaries:rope":2,"minecraft:birch_sapling":104,"minecraft:egg":1,"minecraft:raw_iron":22,"minecraft:copper_ingot":1,"minecraft:bowl":1,"minecraft:carrot":3,"minecraft:redstone":20,"minecraft:dark_oak_planks":11,"minecraft:arrow":36,"minecraft:cooked_cod":15,"minecraft:deepslate_bricks":3,"minecraft:cracked_deepslate_bricks":2,"minecraft:black_banner":1,"minecraft:rail":3,"minecraft:stripped_oak_log":14,"crabbersdelight:clawster":4,"minecraft:salmon":26,"minecraft:red_mushroom":3,"minecraft:birch_planks":163,"minecraft:mushroom_stew":2,"minecraft:oak_log":255,"minecraft:golden_boots":1,"minecraft:gunpowder":23,"minecraft:white_banner":2,"supplementaries:wrench":1,"minecraft:apple":17,"minecraft:stone_bricks":80,"minecraft:kelp":97,"minecraft:iron_ingot":14,"minecraft:stone_pickaxe":1,"minecraft:cooked_chicken":4,"minecraft:glass_bottle":2,"minecraft:iron_sword":1,"minecraft:book":6,"minecraft:dark_oak_slab":1,"minecraft:sweet_berries":3,"minecraft:chiseled_stone_bricks":2,"waystones:mossy_waystone":2,"minecraft:gravel":2,"minecraft:birch_stairs":19,"minecraft:spruce_sapling":2,"minecraft:blast_furnace":2,"delightful:salmonberries":2,"minecraft:spruce_log":7,"illagerinvasion:illusionary_dust":1,"minecraft:spider_eye":14,"biomesoplenty:maple_sapling":32,"minecraft:stone_axe":1,"minecraft:coal":34},"minecraft:mined":{"minecraft:dark_oak_planks":7,"minecraft:farmland":3,"minecraft:sculk_vein":1,"minecraft:obsidian":6,"minecraft:granite":60,"minecraft:grass_block":565,"twigs:twig":4,"minecraft:deepslate_bricks":3,"minecraft:chiseled_stone_bricks":2,"minecraft:spawner":13,"minecraft:tall_seagrass":3,"supplementaries:ash":12,"minecraft:dark_oak_trapdoor":1,"diagonalfences:minecraft/birch_fence":24,"minecraft:fire":24,"minecraft:iron_ore":3,"minecraft:cobbled_deepslate":12,"minecraft:moss_carpet":1,"minecraft:deepslate_lapis_ore":3,"supplementaries:stick":1,"diagonalfences:minecraft/dark_oak_fence":1,"minecraft:dirt_path":2,"minecraft:iron_bars":3,"minecraft:tripwire":3,"minecraft:deepslate_redstone_ore":5,"minecraft:kelp_plant":24,"minecraft:torch":10,"minecraft:blast_furnace":1,"minecraft:cobblestone":170,"friendsandfoes:buttercup":1,"minecraft:oak_planks":25,"minecraft:iron_door":9,"minecraft:wall_torch":22,"minecraft:birch_sapling":7,"minecraft:seagrass":10,"minecraft:dark_oak_slab":1,"minecraft:birch_log":603,"minecraft:wheat":1,"minecraft:lilac":3,"minecraft:grass":216,"minecraft:oak_log":272,"minecraft:sand":1,"minecraft:dirt":219,"twigs:rhyolite":18,"minecraft:oak_leaves":31,"minecraft:deepslate":192,"biomesoplenty:orange_autumn_leaves":3,"minecraft:deepslate_tiles":2,"minecraft:diamond_ore":1,"minecraft:crying_obsidian":1,"minecraft:tuff":26,"farmersdelight:wild_carrots":4,"minecraft:stripped_birch_log":25,"minecraft:dark_oak_log":105,"minecraft:glow_lichen":1,"minecraft:birch_slab":27,"minecraft:spruce_leaves":21,"handcrafted:birch_pillar_trim":41,"minecraft:infested_chiseled_stone_bricks":1,"minecraft:red_mushroom":2,"minecraft:kelp":12,"minecraft:heavy_weighted_pressure_plate":4,"minecraft:andesite":3,"minecraft:gold_block":1,"minecraft:deepslate_iron_ore":16,"minecraft:vine":12,"minecraft:stripped_oak_log":14,"minecraft:stone":372,"minecraft:podzol":5,"minecraft:birch_stairs":19,"minecraft:crafting_table":1,"minecraft:rose_bush":5,"twigs:petrified_lichen":2,"minecraft:tall_grass":17,"minecraft:lapis_ore":5,"minecraft:deepslate_gold_ore":18,"delightful:wild_salmonberries":1,"minecraft:cracked_deepslate_bricks":2,"minecraft:diorite":13,"supplementaries:urn":4,"minecraft:birch_planks":153,"biomesoplenty:yellow_autumn_leaves":2,"minecraft:black_wall_banner":1,"minecraft:spruce_log":6,"minecraft:birch_leaves":8,"minecraft:coal_ore":36,"minecraft:gravel":2,"biomesoplenty:stripped_redwood_wood":8,"minecraft:cobweb":36,"minecraft:cracked_stone_bricks":9,"minecraft:stone_bricks":93,"minecraft:mossy_stone_bricks":24,"biomesoplenty:redwood_wood":30,"minecraft:fern":45},"minecraft:used":{"minecraft:ladder":3,"minecraft:shield":27,"minecraft:stone":10,"minecraft:iron_sword":218,"minecraft:rotten_flesh":120,"minecraft:carrot":4,"minecraft:snowball":60,"minecraft:lava_bucket":2,"friendsandfoes:totem_of_illusion":3,"minecraft:birch_sapling":102,"minecraft:dark_oak_slab":2,"minecraft:stone_bricks":80,"delightful:green_tea_leaf":10,"minecraft:bow":2,"minecraft:oak_sapling":6,"minecraft:furnace":2,"minecraft:cooked_cod":16,"minecraft:egg":1,"minecraft:mossy_stone_bricks":11,"minecraft:stripped_birch_log":20,"minecraft:stone_pickaxe":175,"minecraft:oak_planks":250,"minecraft:wooden_pickaxe":29,"minecraft:diamond_axe":1072,"minecraft:golden_apple":2,"minecraft:dark_oak_trapdoor":2,"minecraft:golden_hoe":32,"minecraft:mushroom_stew":1,"minecraft:birch_fence":36,"minecraft:dark_oak_log":1,"minecraft:birch_slab":50,"minecraft:heavy_weighted_pressure_plate":4,"minecraft:bread":4,"shieldexp:diamond_shield":1,"minecraft:iron_door":4,"minecraft:diamond_sword":256,"minecraft:birch_log":324,"minecraft:andesite":1,"minecraft:oak_boat":1,"delightful:acorn":2,"quark:birch_chest":4,"minecraft:stone_sword":79,"minecraft:cracked_deepslate_bricks":2,"minecraft:stone_shovel":18,"minecraft:dried_kelp":98,"minecraft:spruce_planks":1,"minecraft:cooked_salmon":21,"minecraft:stone_hoe":138,"minecraft:cooked_chicken":2,"minecraft:oak_door":2,"minecraft:torch":205,"minecraft:dirt":427,"minecraft:oak_fence_gate":2,"minecraft:iron_hoe":300,"minecraft:dark_oak_planks":130,"minecraft:iron_axe":336,"biomesoplenty:redwood_wood":9,"minecraft:iron_boots":1,"handcrafted:birch_pillar_trim":49,"minecraft:cobbled_deepslate":57,"minecraft:golden_axe":35,"minecraft:wheat_seeds":7,"minecraft:water_bucket":20,"minecraft:birch_planks":597,"minecraft:deepslate_bricks":3,"delightful:salmonberries":1,"minecraft:crafting_table":9,"minecraft:white_bed":3,"minecraft:cod":2,"biomesoplenty:orange_autumn_sapling":7,"minecraft:oak_log":53,"minecraft:diamond_pickaxe":897,"minecraft:apple":28,"minecraft:diamond_shovel":696,"waystones:mossy_waystone":2,"supplementaries:wrench":60,"minecraft:iron_pickaxe":79,"minecraft:stone_axe":304,"twigs:twig":1,"minecraft:chiseled_stone_bricks":1,"minecraft:fishing_rod":55,"quark:dark_oak_chest":1,"minecraft:cobblestone":247,"minecraft:cooked_porkchop":5,"minecraft:bucket":23,"quark:oak_chest":6,"alexsmobs:animal_dictionary":4,"hearth_and_home:cobblestone_bricks":21,"twigs:pebble":1,"minecraft:kelp":1,"minecraft:birch_stairs":21},"minecraft:killed_by":{"minecraft:zombie":2,"minecraft:player":2,"alexsmobs:centipede_head":1,"minecraft:skeleton":2},"minecraft:killed":{"minecraft:cave_spider":3,"minecraft:witch":11,"minecraft:spider":22,"minecraft:cod":14,"minecraft:skeleton":13,"alexsmobs:orca":1,"minecraft:silverfish":13,"minecraft:illusioner":2,"minecraft:salmon":11,"minecraft:creeper":6,"minecraft:pillager":6,"minecraft:zombie":52,"alexsmobs:raccoon":3,"illagerinvasion:marauder":2,"quark:toretoise":2,"minecraft:phantom":1,"minecraft:player":2,"minecraft:enderman":2},"minecraft:crafted":{"minecraft:oak_planks":432,"quark:birch_chest":4,"minecraft:birch_slab":30,"minecraft:diamond_shovel":1,"hearth_and_home:cobblestone_bricks":24,"minecraft:iron_boots":2,"aether:diamond_gloves":1,"minecraft:stone_hoe":1,"minecraft:golden_axe":1,"minecraft:cooked_porkchop":5,"minecraft:diamond_axe":1,"minecraft:crafting_table":9,"minecraft:spruce_planks":4,"minecraft:iron_helmet":3,"minecraft:wooden_pickaxe":1,"minecraft:birch_planks":668,"supplementaries:wrench":1,"minecraft:iron_chestplate":1,"minecraft:shield":2,"minecraft:birch_fence":24,"minecraft:stick":136,"quark:oak_chest":6,"minecraft:iron_ingot":52,"minecraft:iron_pickaxe":1,"minecraft:stone_sword":2,"minecraft:gold_ingot":27,"minecraft:birch_stairs":12,"minecraft:oak_door":3,"minecraft:stone_shovel":1,"minecraft:furnace":2,"minecraft:dark_oak_trapdoor":2,"quark:dark_oak_chest":1,"minecraft:iron_axe":1,"minecraft:ladder":8,"minecraft:iron_hoe":2,"shieldexp:diamond_shield":1,"minecraft:stone_pickaxe":3,"minecraft:dark_oak_planks":376,"minecraft:cooked_cod":1,"minecraft:diamond_sword":1,"minecraft:dried_kelp":104,"minecraft:iron_sword":2,"minecraft:cooked_salmon":22,"minecraft:bucket":2,"minecraft:stone_axe":3,"minecraft:air":0,"minecraft:oak_fence_gate":2,"handcrafted:birch_pillar_trim":12,"minecraft:white_wool":9,"minecraft:iron_leggings":2,"minecraft:white_bed":3,"minecraft:torch":128,"minecraft:golden_hoe":1},"minecraft:dropped":{"minecraft:iron_sword":1,"minecraft:birch_planks":15,"minecraft:glass_bottle":2,"minecraft:diamond":1,"minecraft:cracked_stone_bricks":2,"minecraft:black_banner":1,"minecraft:birch_slab":9,"minecraft:red_mushroom":3,"minecraft:emerald":6,"minecraft:dirt":2,"supplementaries:rope":2,"biomesoplenty:stripped_redwood_wood":4,"minecraft:snowball":17,"minecraft:sand":2,"minecraft:birch_log":4,"twigs:twig":14,"spawnersplus:spawner_fragment":3,"minecraft:stone_axe":1,"minecraft:cobbled_deepslate":3,"crabbersdelight:shrimp":1,"minecraft:obsidian":5,"minecraft:rotten_flesh":31,"minecraft:oak_planks":175,"biomesoplenty:orange_autumn_sapling":13,"minecraft:salmon":9,"supplementaries:ash":9,"minecraft:tipped_arrow":40,"minecraft:deepslate_tiles":2,"minecraft:gunpowder":13,"minecraft:ladder":4,"minecraft:iron_bars":4,"minecraft:arrow":48,"crabbersdelight:clawster":2,"minecraft:enchanted_book":1,"minecraft:iron_ingot":3,"minecraft:wheat_seeds":1,"minecraft:iron_helmet":2,"minecraft:cobblestone":32,"minecraft:book":3,"delightful:green_tea_leaf":2,"minecraft:apple":2,"minecraft:granite":4,"minecraft:copper_ingot":1,"friendsandfoes:buttercup":4,"minecraft:stick":7,"minecraft:lava_bucket":1,"illagerinvasion:platinum_chunk":1,"minecraft:ink_sac":4,"minecraft:torch":77,"minecraft:iron_leggings":2,"delightful:acorn":4,"minecraft:white_banner":1,"minecraft:string":9,"delightful:salmonberries":1,"minecraft:spruce_sapling":2,"twigs:petrified_lichen":2,"minecraft:stone_sword":1,"minecraft:bowl":1,"minecraft:iron_boots":4,"minecraft:blast_furnace":1,"minecraft:shield":1,"supplementaries:rope_arrow":1,"minecraft:mossy_stone_bricks":5,"minecraft:oak_sapling":1,"minecraft:spruce_log":6,"minecraft:bow":1,"hearth_and_home:cobblestone_bricks":3}},"DataVersion":3465}