{"stats":{"minecraft:picked_up":{"quark:diamond_heart":1,"minecraft:iron_chestplate":3,"farmersdelight:cabbage_rolls":1,"illagerinvasion:platinum_chunk":16,"minecraft:lead":1,"biomesoplenty:orange_autumn_sapling":35,"biomesoplenty:stripped_redwood_wood":4,"minecraft:potion":2,"friendsandfoes:buttercup":6,"spawnersplus:spawner_fragment":7,"biomesoplenty:blood_bucket":1,"minecraft:deepslate_lapis_ore":3,"minecraft:string":68,"minecraft:dark_oak_trapdoor":1,"minecraft:raw_copper":9,"biomesoplenty:yellow_autumn_sapling":17,"minecraft:iron_leggings":3,"minecraft:pufferfish":8,"minecraft:diamond_leggings":1,"minecraft:deepslate_tiles":2,"minecraft:gold_nugget":10,"minecraft:cobbled_deepslate":322,"twigs:pebble":7,"delightful:acorn":15,"cuisinedelight:seafood_platter":1,"minecraft:rose_bush":4,"nethersdelight:hoglin_sirloin":1,"bygonenether:soul_stone":5,"alexsmobs:raccoon_tail":1,"biomesoplenty:redwood_wood":26,"delightful:green_tea_leaf":27,"minecraft:deepslate_iron_ore":6,"farmersdelight:cabbage_seeds":1,"minecraft:iron_boots":5,"minecraft:dark_oak_door":6,"minecraft:golden_helmet":1,"minecraft:stick":8,"hearth_and_home:cobblestone_bricks":4,"minecraft:torch":562,"conjurer_illager:throwable_ball":2,"minecraft:dried_kelp":26,"minecraft:diorite":46,"cataclysm:amethyst_crab_shell":3,"minecraft:golden_chestplate":3,"minecraft:rabbit_foot":1,"quark:ancient_tome":1,"minecraft:stone_sword":3,"minecraft:rotten_flesh":143,"minecraft:tropical_fish":6,"alexsmobs:flying_fish_boots":1,"aether:chainmail_gloves":1,"supplementaries:antique_ink":3,"minecraft:glowstone":8,"twigs:tangerine_seashell":2,"supplementaries:ash":76,"minecraft:blaze_rod":15,"minecraft:obsidian":10,"minecraft:cod":49,"minecraft:iron_bars":7,"minecraft:snowball":77,"minecraft:cobblestone":1073,"minecraft:birch_log":548,"minecraft:leather_chestplate":1,"minecraft:magma_block":2,"minecraft:cooked_beef":58,"minecraft:lilac":2,"minecraft:iron_door":17,"minecraft:birch_slab":38,"minecraft:andesite":4,"minecraft:golden_leggings":1,"minecraft:flint":2,"alexsmobs:bison_fur":7,"crabbersdelight:cooked_shrimp":3,"minecraft:potato":3,"minecraft:tuff":43,"minecraft:stripped_birch_log":24,"minecraft:lapis_lazuli":41,"minecraft:dirt":890,"farmersdelight:mutton_chops":2,"minecraft:leather_boots":1,"minecraft:bone":53,"minecraft:bow":3,"minecraft:wheat_seeds":37,"minecraft:raw_gold":23,"minecraft:mossy_stone_bricks":27,"minecraft:glowstone_dust":2,"twigs:twig":139,"minecraft:moss_block":3,"minecraft:oak_planks":200,"minecraft:mossy_stone_brick_stairs":1,"patchouli:guide_book":2,"crabbersdelight:crab":6,"minecraft:sand":4,"minecraft:ink_sac":4,"minecraft:dark_oak_log":98,"biomesoplenty:hellbark_log":2,"minecraft:sugar":1,"minecraft:deepslate":80,"minecraft:diamond":33,"waystones:waystone":2,"minecraft:deepslate_gold_ore":4,"minecraft:granite":59,"minecraft:bone_meal":1,"minecraft:spruce_leaves":1,"minecraft:bread":72,"minecraft:emerald":60,"alexsmobs:banana_slug_slime":1,"minecraft:netherrack":438,"minecraft:oak_sapling":42,"twigs:rhyolite":17,"crabbersdelight:shrimp":8,"minecraft:dark_oak_fence":2,"minecraft:diamond_pickaxe":1,"biomesoplenty:redwood_log":1,"minecraft:crafting_table":2,"twigs:petrified_lichen":2,"minecraft:nether_wart":1,"minecraft:ladder":4,"minecraft:brown_mushroom":1,"friendsandfoes:totem_of_illusion":3,"minecraft:wooden_pickaxe":1,"minecraft:cooked_rabbit":1,"minecraft:gold_block":1,"minecraft:shield":3,"minecraft:heavy_weighted_pressure_plate":4,"illagerinvasion:unusual_dust":1,"minecraft:iron_axe":2,"minecraft:moss_carpet":6,"minecraft:birch_fence":24,"minecraft:cracked_stone_bricks":8,"handcrafted:birch_pillar_trim":40,"minecraft:deepslate_diamond_ore":22,"minecraft:oak_boat":1,"minecraft:iron_nugget":10,"minecraft:poppy":4,"supplementaries:rope":2,"minecraft:birch_sapling":104,"aether:iron_pendant":2,"minecraft:egg":1,"minecraft:raw_iron":58,"minecraft:copper_ingot":1,"minecraft:bowl":1,"crabbersdelight:clam":7,"alexsmobs:straddlite":2,"cuisinedelight:meat_with_vegetables":1,"biomesoplenty:blackstone_spines":2,"minecraft:carrot":3,"minecraft:redstone":30,"minecraft:dark_oak_planks":11,"minecraft:arrow":86,"minecraft:cooked_cod":15,"minecraft:deepslate_bricks":3,"minecraft:cracked_deepslate_bricks":2,"minecraft:totem_of_undying":3,"minecraft:gold_ingot":3,"minecraft:black_banner":1,"minecraft:glow_berries":1,"minecraft:white_wool":2,"minecraft:rail":3,"minecraft:stripped_oak_log":14,"minecraft:basalt":11,"crabbersdelight:clawster":9,"minecraft:salmon":30,"minecraft:leather":1,"minecraft:red_mushroom":4,"minecraft:birch_planks":167,"minecraft:mushroom_stew":2,"minecraft:oak_log":255,"minecraft:lily_pad":2,"minecraft:golden_boots":4,"minecraft:gunpowder":26,"minecraft:paper":2,"minecraft:white_banner":5,"quark:forgotten_hat":1,"minecraft:cooked_mutton":6,"supplementaries:wrench":1,"minecraft:apple":17,"minecraft:stone_bricks":80,"minecraft:kelp":97,"minecraft:iron_ore":3,"minecraft:iron_ingot":21,"minecraft:stone_pickaxe":1,"minecraft:cooked_chicken":6,"minecraft:glass_bottle":4,"minecraft:iron_sword":1,"minecraft:music_disc_chirp":2,"minecraft:book":8,"minecraft:dark_oak_slab":1,"minecraft:pumpkin":1,"minecraft:sweet_berries":3,"minecraft:chiseled_stone_bricks":2,"biomesoplenty:blackstone_bulb":27,"minecraft:quartz":23,"waystones:mossy_waystone":2,"minecraft:gravel":32,"minecraft:birch_stairs":19,"minecraft:spruce_sapling":3,"minecraft:blast_furnace":2,"delightful:salmonberries":2,"minecraft:spruce_log":7,"minecraft:nether_brick_slab":3,"illagerinvasion:illusionary_dust":1,"minecraft:spider_eye":19,"minecraft:pumpkin_seeds":2,"minecraft:coal_ore":6,"biomesoplenty:maple_sapling":32,"biomesoplenty:bramble":37,"minecraft:stone_axe":1,"minecraft:melon_seeds":1,"minecraft:baked_potato":1,"minecraft:coal":58,"minecraft:ender_pearl":1},"minecraft:used":{"minecraft:moss_block":1,"farmersdelight:cabbage_rolls":1,"minecraft:ladder":3,"farmersdelight:stove":1,"minecraft:shield":27,"minecraft:stone":43,"minecraft:iron_sword":218,"crabbersdelight:clawster":2,"minecraft:rotten_flesh":193,"minecraft:carrot":4,"minecraft:tuff":10,"minecraft:axolotl_bucket":3,"minecraft:snowball":60,"minecraft:glass":37,"minecraft:lava_bucket":7,"minecraft:coal_ore":6,"friendsandfoes:totem_of_illusion":3,"minecraft:birch_sapling":102,"minecraft:music_disc_chirp":2,"minecraft:dark_oak_slab":2,"minecraft:stone_bricks":80,"minecraft:deepslate_diamond_ore":22,"delightful:green_tea_leaf":10,"minecraft:magma_block":2,"minecraft:bow":3,"minecraft:furnace":2,"minecraft:oak_sapling":6,"minecraft:cooked_cod":36,"minecraft:egg":1,"minecraft:mossy_stone_bricks":11,"minecraft:stripped_birch_log":20,"minecraft:stone_pickaxe":175,"minecraft:oak_planks":250,"alexsmobs:flying_fish_boots":3,"minecraft:wooden_pickaxe":29,"minecraft:diamond_axe":1121,"minecraft:golden_apple":7,"minecraft:dark_oak_trapdoor":2,"minecraft:golden_hoe":32,"minecraft:mushroom_stew":2,"minecraft:lingering_potion":1,"minecraft:birch_fence":36,"waystones:waystone":2,"conjurer_illager:throwable_ball":2,"minecraft:dark_oak_log":1,"minecraft:birch_slab":50,"minecraft:heavy_weighted_pressure_plate":4,"minecraft:bread":20,"shieldexp:diamond_shield":14,"minecraft:deepslate":1,"minecraft:iron_door":7,"nethersdelight:hoglin_sirloin":1,"minecraft:diamond_sword":890,"biomesoplenty:hellbark_log":2,"minecraft:birch_log":324,"minecraft:andesite":2,"minecraft:oak_boat":1,"minecraft:cobweb":1,"delightful:acorn":3,"quark:birch_chest":4,"minecraft:stone_sword":79,"minecraft:cracked_deepslate_bricks":2,"minecraft:armor_stand":1,"minecraft:stone_shovel":18,"minecraft:dried_kelp":98,"minecraft:spruce_planks":1,"crabbersdelight:crab":1,"minecraft:cooked_salmon":22,"minecraft:stone_hoe":138,"minecraft:cooked_chicken":4,"minecraft:netherrack":173,"minecraft:oak_door":2,"minecraft:torch":670,"minecraft:dirt":485,"minecraft:anvil":1,"crabbersdelight:pufferfish_barrel":1,"minecraft:oak_fence_gate":2,"minecraft:iron_hoe":403,"minecraft:dark_oak_planks":130,"biomesoplenty:redwood_wood":9,"minecraft:iron_axe":336,"bygonenether:soul_stone":2,"minecraft:iron_boots":4,"minecraft:basalt":2,"handcrafted:birch_pillar_trim":49,"minecraft:blaze_rod":11,"biomesoplenty:blood_bucket":4,"minecraft:cooked_beef":43,"minecraft:cobbled_deepslate":138,"minecraft:golden_axe":35,"minecraft:wheat_seeds":8,"minecraft:cooked_mutton":9,"minecraft:water_bucket":471,"minecraft:birch_planks":609,"minecraft:baked_potato":1,"quark:forgotten_hat":1,"minecraft:deepslate_bricks":3,"delightful:salmonberries":1,"minecraft:crafting_table":10,"minecraft:cod":2,"minecraft:white_bed":3,"biomesoplenty:orange_autumn_sapling":7,"minecraft:dark_oak_door":7,"minecraft:oak_log":53,"minecraft:diamond_pickaxe":1815,"minecraft:apple":28,"minecraft:diamond_shovel":722,"minecraft:iron_pickaxe":355,"quark:pickarang":292,"supplementaries:wrench":60,"waystones:mossy_waystone":2,"cuisinedelight:meat_with_vegetables":9,"minecraft:stone_axe":304,"twigs:twig":1,"minecraft:chiseled_stone_bricks":1,"minecraft:fishing_rod":145,"minecraft:potion":2,"quark:dark_oak_chest":1,"minecraft:cobblestone":363,"farmersdelight:bone_broth":1,"minecraft:cooked_porkchop":5,"minecraft:bucket":487,"quark:oak_chest":6,"alexsmobs:animal_dictionary":4,"hearth_and_home:cobblestone_bricks":22,"twigs:pebble":1,"minecraft:kelp":1,"minecraft:birch_stairs":21},"minecraft:killed":{"illagerinvasion:archivist":2,"minecraft:cave_spider":3,"minecraft:zombified_piglin":1,"minecraft:witch":12,"minecraft:spider":38,"minecraft:cod":14,"illagerinvasion:basher":1,"minecraft:skeleton":34,"alexsmobs:orca":1,"minecraft:bee":1,"minecraft:silverfish":13,"alexsmobs:straddler":8,"minecraft:illusioner":2,"illagerinvasion:inquisitor":1,"illagerinvasion:necromancer":3,"quark:stoneling":1,"minecraft:zombie_villager":3,"minecraft:salmon":11,"alexsmobs:stradpole":1,"illagerinvasion:alchemist":1,"minecraft:creeper":15,"minecraft:sheep":2,"minecraft:trader_llama":1,"minecraft:pillager":19,"minecraft:zombie":118,"illagerinvasion:sorcerer":1,"raided:inquisitor":2,"minecraft:blaze":18,"minecraft:evoker":3,"minecraft:vex":4,"alexsmobs:tiger":1,"alexsmobs:raccoon":4,"minecraft:vindicator":6,"illagerinvasion:marauder":5,"quark:toretoise":2,"minecraft:phantom":1,"minecraft:drowned":2,"alexsmobs:bison":10,"minecraft:rabbit":2,"minecraft:ravager":1,"minecraft:hoglin":1,"raided:necromancer":1,"minecraft:wither_skeleton":6,"minecraft:player":3,"minecraft:enderman":10},"minecraft:broken":{"minecraft:iron_boots":1,"minecraft:iron_leggings":1,"minecraft:diamond_pickaxe":1,"minecraft:stone_axe":2,"minecraft:iron_hoe":1,"minecraft:golden_hoe":1,"minecraft:stone_hoe":1,"minecraft:golden_axe":1,"minecraft:iron_axe":1,"minecraft:iron_pickaxe":1,"minecraft:iron_helmet":1},"minecraft:killed_by":{"minecraft:vindicator":5,"minecraft:blaze":1,"minecraft:zombie":2,"minecraft:player":3,"alexsmobs:centipede_head":1,"minecraft:skeleton":2,"illagerinvasion:provoker":1},"minecraft:custom":{"minecraft:interact_with_crafting_table":137,"minecraft:open_barrel":21,"goblintraders:trade_with_goblin":31,"minecraft:leave_game":9,"minecraft:time_since_death":37579,"minecraft:sprint_one_cm":2094099,"minecraft:damage_blocked_by_shield":2503,"minecraft:drop":221,"minecraft:talked_to_villager":2,"minecraft:play_time":927906,"minecraft:deaths":15,"minecraft:interact_with_brewingstand":1,"minecraft:jump":12713,"minecraft:walk_on_water_one_cm":173650,"minecraft:enchant_item":3,"minecraft:interact_with_furnace":147,"minecraft:play_record":2,"minecraft:sleep_in_bed":19,"minecraft:waystone_activated":5,"minecraft:damage_dealt":82616,"minecraft:player_kills":4,"minecraft:crouch_one_cm":151433,"minecraft:inspect_dispenser":3,"minecraft:interact_with_smithing_table":3,"minecraft:interact_with_anvil":11,"minecraft:mob_kills":416,"minecraft:interact_with_campfire":13,"minecraft:climb_one_cm":19261,"minecraft:walk_one_cm":2868735,"minecraft:sneak_time":43174,"minecraft:walk_under_water_one_cm":129632,"minecraft:boat_one_cm":137627,"minecraft:interact_with_blast_furnace":37,"minecraft:total_world_time":927906,"minecraft:interact_with_grindstone":2,"minecraft:time_since_rest":37610,"minecraft:damage_taken":17918,"minecraft:damage_absorbed":194,"twilightforest:life_charms_activated":1,"minecraft:swim_one_cm":405935,"minecraft:fly_one_cm":1878141,"minecraft:open_chest":964,"minecraft:fish_caught":56,"minecraft:fall_one_cm":237145},"minecraft:dropped":{"minecraft:iron_sword":1,"minecraft:birch_planks":15,"minecraft:cooked_beef":17,"alexsmobs:banana_slug_slime":1,"minecraft:diamond":2,"minecraft:glass_bottle":2,"minecraft:cracked_stone_bricks":2,"minecraft:flint":2,"minecraft:carrot_on_a_stick":2,"minecraft:black_banner":1,"minecraft:birch_slab":9,"minecraft:red_mushroom":3,"minecraft:emerald":6,"twigs:pebble":4,"minecraft:dirt":8,"supplementaries:rope":2,"biomesoplenty:stripped_redwood_wood":4,"minecraft:snowball":17,"minecraft:bone_meal":1,"minecraft:sand":4,"minecraft:birch_log":5,"minecraft:white_wool":2,"minecraft:dark_oak_door":2,"farmersdelight:mutton_chops":2,"minecraft:bone":10,"twigs:twig":14,"spawnersplus:spawner_fragment":3,"cataclysm:amethyst_crab_shell":3,"minecraft:gravel":30,"minecraft:stone_axe":1,"minecraft:golden_chestplate":3,"minecraft:cobbled_deepslate":119,"crabbersdelight:shrimp":8,"minecraft:obsidian":5,"minecraft:rotten_flesh":75,"minecraft:oak_planks":175,"biomesoplenty:orange_autumn_sapling":13,"minecraft:cooked_mutton":3,"minecraft:salmon":9,"minecraft:leather_chestplate":1,"supplementaries:ash":32,"minecraft:tipped_arrow":40,"minecraft:deepslate_tiles":2,"minecraft:gunpowder":16,"minecraft:leather_boots":1,"minecraft:ladder":4,"minecraft:iron_bars":4,"minecraft:arrow":57,"cuisinedelight:seafood_platter":1,"minecraft:golden_boots":1,"crabbersdelight:clawster":2,"minecraft:netherrack":180,"minecraft:iron_ingot":9,"minecraft:enchanted_book":1,"minecraft:stone_hoe":1,"minecraft:wheat_seeds":1,"minecraft:golden_helmet":1,"minecraft:diamond_leggings":1,"minecraft:cobblestone":32,"minecraft:iron_helmet":3,"minecraft:book":4,"minecraft:apple":2,"delightful:green_tea_leaf":2,"minecraft:granite":4,"biomesoplenty:blood_bucket":2,"minecraft:copper_ingot":1,"friendsandfoes:buttercup":4,"minecraft:stick":16,"minecraft:lava_bucket":1,"crabbersdelight:cooked_shrimp":2,"illagerinvasion:platinum_chunk":1,"minecraft:ink_sac":4,"minecraft:torch":80,"minecraft:stripped_birch_log":2,"minecraft:iron_leggings":3,"delightful:acorn":4,"minecraft:pumpkin":1,"minecraft:white_banner":1,"minecraft:iron_axe":2,"minecraft:paper":2,"minecraft:string":13,"delightful:salmonberries":1,"minecraft:spruce_sapling":3,"minecraft:redstone":5,"twigs:rhyolite":1,"minecraft:moss_carpet":4,"twigs:petrified_lichen":2,"minecraft:stone_sword":1,"minecraft:bowl":1,"minecraft:deepslate":37,"minecraft:tuff":1,"minecraft:iron_boots":5,"minecraft:deepslate_lapis_ore":3,"minecraft:blast_furnace":1,"twigs:tangerine_seashell":2,"minecraft:diamond_sword":1,"minecraft:shield":1,"supplementaries:rope_arrow":1,"minecraft:andesite":2,"minecraft:iron_chestplate":3,"minecraft:mossy_stone_bricks":5,"minecraft:golden_leggings":1,"minecraft:oak_sapling":1,"minecraft:spider_eye":2,"minecraft:spruce_log":6,"minecraft:bow":2,"hearth_and_home:cobblestone_bricks":3},"minecraft:crafted":{"minecraft:oak_planks":432,"quark:birch_chest":4,"minecraft:birch_slab":30,"aether:golden_ring":1,"minecraft:diamond_shovel":1,"hearth_and_home:cobblestone_bricks":24,"minecraft:dark_oak_door":3,"minecraft:diamond_helmet":1,"minecraft:diamond_leggings":1,"minecraft:iron_boots":3,"aether:diamond_gloves":1,"minecraft:bricks":4,"minecraft:stone_hoe":2,"farmersdelight:stove":1,"minecraft:golden_axe":1,"minecraft:cooked_porkchop":5,"minecraft:diamond_axe":1,"minecraft:crafting_table":10,"minecraft:spruce_planks":4,"minecraft:wooden_pickaxe":1,"minecraft:iron_helmet":4,"minecraft:campfire":1,"minecraft:birch_planks":668,"supplementaries:wrench":1,"minecraft:iron_chestplate":1,"minecraft:diamond_pickaxe":1,"minecraft:shield":2,"minecraft:birch_fence":24,"minecraft:stick":168,"quark:oak_chest":6,"farmersdelight:bone_broth":1,"minecraft:iron_ingot":80,"minecraft:iron_pickaxe":3,"minecraft:iron_block":3,"minecraft:stone_sword":2,"minecraft:gold_ingot":27,"quark:pickarang":1,"minecraft:birch_stairs":12,"minecraft:oak_door":3,"minecraft:stone_shovel":1,"minecraft:fishing_rod":4,"minecraft:iron_nugget":3,"minecraft:furnace":2,"minecraft:dark_oak_trapdoor":2,"quark:dark_oak_chest":1,"minecraft:iron_axe":1,"minecraft:ladder":8,"illagerinvasion:platinum_sheet":2,"minecraft:iron_hoe":2,"shieldexp:diamond_shield":1,"minecraft:stone_pickaxe":3,"minecraft:diamond_boots":1,"minecraft:dark_oak_planks":376,"minecraft:cooked_cod":14,"minecraft:diamond_sword":1,"crabbersdelight:pufferfish_barrel":1,"minecraft:dried_kelp":104,"minecraft:iron_sword":2,"minecraft:bowl":4,"minecraft:cooked_salmon":22,"minecraft:bucket":3,"minecraft:stone_axe":3,"minecraft:air":0,"minecraft:oak_fence_gate":2,"handcrafted:birch_pillar_trim":12,"minecraft:white_wool":9,"minecraft:gold_nugget":1,"minecraft:anvil":1,"minecraft:iron_leggings":3,"minecraft:white_bed":3,"minecraft:torch":192,"minecraft:diamond_chestplate":1,"minecraft:carrot_on_a_stick":3,"minecraft:golden_hoe":1,"minecraft:brick":16},"minecraft:mined":{"minecraft:dark_oak_planks":8,"minecraft:farmland":5,"minecraft:sculk_vein":1,"minecraft:obsidian":6,"minecraft:granite":69,"biomesoplenty:bramble":29,"minecraft:grass_block":571,"twigs:twig":4,"minecraft:deepslate_bricks":3,"supplementaries:blaze_rod":7,"minecraft:chiseled_stone_bricks":2,"minecraft:spawner":13,"biomesoplenty:blackstone_bulb":36,"biomesoplenty:bramble_leaves":3,"minecraft:tall_seagrass":3,"minecraft:magma_block":2,"minecraft:glowstone":8,"minecraft:dark_oak_trapdoor":1,"supplementaries:ash":12,"diagonalfences:minecraft/birch_fence":24,"minecraft:iron_ore":34,"minecraft:cobbled_deepslate":13,"minecraft:fire":29,"minecraft:pumpkin":1,"minecraft:moss_carpet":1,"minecraft:deepslate_lapis_ore":6,"biomesoplenty:hellbark_log":2,"supplementaries:stick":1,"minecraft:dirt_path":2,"diagonalfences:minecraft/dark_oak_fence":2,"minecraft:iron_bars":3,"minecraft:tripwire":3,"minecraft:deepslate_redstone_ore":6,"minecraft:kelp_plant":24,"biomesoplenty:blackstone_spines":2,"minecraft:torch":15,"minecraft:blast_furnace":1,"minecraft:nether_brick_slab":6,"minecraft:nether_quartz_ore":19,"minecraft:glass":2,"minecraft:cobblestone":192,"friendsandfoes:buttercup":3,"minecraft:oak_planks":25,"minecraft:iron_door":10,"minecraft:wall_torch":28,"minecraft:birch_sapling":7,"minecraft:seagrass":11,"minecraft:dark_oak_slab":1,"minecraft:dark_oak_door":6,"minecraft:birch_log":603,"minecraft:wheat":1,"biomesoplenty:hair":5,"minecraft:lilac":3,"minecraft:grass":239,"biomesoplenty:clover":2,"minecraft:oak_log":272,"minecraft:sand":3,"minecraft:dirt":226,"twigs:rhyolite":19,"minecraft:netherrack":332,"minecraft:oak_leaves":31,"minecraft:deepslate":420,"minecraft:nether_gold_ore":2,"biomesoplenty:orange_autumn_leaves":3,"minecraft:deepslate_tiles":2,"minecraft:diamond_ore":1,"minecraft:crying_obsidian":1,"minecraft:tuff":54,"minecraft:deepslate_diamond_ore":48,"farmersdelight:wild_carrots":4,"minecraft:dark_oak_log":105,"minecraft:stripped_birch_log":25,"minecraft:glow_lichen":1,"minecraft:nether_bricks":1,"hearth_and_home:cobblestone_bricks":1,"minecraft:birch_slab":27,"handcrafted:birch_pillar_trim":41,"minecraft:spruce_leaves":34,"biomesoplenty:dead_grass":1,"minecraft:kelp":12,"minecraft:red_mushroom":2,"minecraft:infested_chiseled_stone_bricks":1,"minecraft:heavy_weighted_pressure_plate":4,"minecraft:andesite":23,"minecraft:gold_block":1,"biomesoplenty:rainbow_birch_leaves":1,"minecraft:deepslate_iron_ore":33,"minecraft:vine":17,"minecraft:stripped_oak_log":14,"minecraft:stone":668,"minecraft:podzol":5,"crabbersdelight:pufferfish_barrel":1,"minecraft:birch_stairs":19,"minecraft:crafting_table":2,"minecraft:rose_bush":5,"twigs:petrified_lichen":2,"minecraft:tall_grass":18,"minecraft:copper_ore":1,"biomesoplenty:huge_clover_petal":3,"minecraft:deepslate_gold_ore":26,"biomesoplenty:sprout":3,"minecraft:lapis_ore":5,"minecraft:cracked_deepslate_bricks":2,"delightful:wild_salmonberries":1,"minecraft:diorite":54,"supplementaries:urn":4,"minecraft:birch_planks":158,"twigs:tangerine_seashell":1,"biomesoplenty:yellow_autumn_leaves":2,"minecraft:black_wall_banner":1,"minecraft:spruce_log":6,"minecraft:birch_leaves":8,"minecraft:coal_ore":62,"bygonenether:soul_stone":5,"minecraft:gravel":30,"biomesoplenty:stripped_redwood_wood":8,"minecraft:cobweb":36,"minecraft:cracked_stone_bricks":9,"minecraft:stone_bricks":93,"minecraft:mossy_stone_bricks":24,"biomesoplenty:redwood_wood":30,"minecraft:fern":47}},"DataVersion":3465}