{"stats":{"minecraft:broken":{"minecraft:stone_axe":2,"minecraft:golden_axe":1,"minecraft:iron_axe":1},"minecraft:mined":{"minecraft:dark_oak_planks":7,"minecraft:sculk_vein":1,"minecraft:granite":60,"minecraft:grass_block":308,"twigs:twig":1,"minecraft:deepslate_bricks":3,"minecraft:chiseled_stone_bricks":2,"minecraft:spawner":13,"minecraft:tall_seagrass":3,"supplementaries:ash":12,"diagonalfences:minecraft/birch_fence":24,"minecraft:dark_oak_trapdoor":1,"minecraft:fire":24,"minecraft:iron_ore":3,"minecraft:cobbled_deepslate":12,"minecraft:moss_carpet":1,"minecraft:deepslate_lapis_ore":3,"supplementaries:stick":1,"diagonalfences:minecraft/dark_oak_fence":1,"minecraft:dirt_path":2,"minecraft:iron_bars":3,"minecraft:tripwire":3,"minecraft:deepslate_redstone_ore":5,"minecraft:kelp_plant":24,"minecraft:torch":9,"minecraft:blast_furnace":1,"minecraft:cobblestone":44,"minecraft:oak_planks":25,"minecraft:iron_door":9,"minecraft:wall_torch":20,"minecraft:seagrass":10,"minecraft:dark_oak_slab":1,"minecraft:birch_log":343,"minecraft:lilac":1,"minecraft:grass":134,"minecraft:oak_log":272,"minecraft:sand":1,"minecraft:dirt":205,"twigs:rhyolite":18,"minecraft:oak_leaves":31,"minecraft:deepslate":192,"biomesoplenty:orange_autumn_leaves":3,"minecraft:deepslate_tiles":2,"minecraft:diamond_ore":1,"minecraft:tuff":26,"farmersdelight:wild_carrots":4,"minecraft:stripped_birch_log":15,"minecraft:dark_oak_log":105,"minecraft:glow_lichen":1,"minecraft:birch_slab":27,"handcrafted:birch_pillar_trim":41,"minecraft:spruce_leaves":21,"minecraft:red_mushroom":2,"minecraft:kelp":12,"minecraft:heavy_weighted_pressure_plate":4,"minecraft:andesite":3,"minecraft:gold_block":1,"minecraft:deepslate_iron_ore":16,"minecraft:vine":11,"minecraft:stripped_oak_log":14,"minecraft:stone":337,"minecraft:podzol":5,"minecraft:birch_stairs":19,"minecraft:crafting_table":1,"minecraft:rose_bush":5,"twigs:petrified_lichen":2,"minecraft:tall_grass":14,"minecraft:lapis_ore":5,"minecraft:deepslate_gold_ore":18,"delightful:wild_salmonberries":1,"minecraft:cracked_deepslate_bricks":2,"minecraft:diorite":13,"supplementaries:urn":4,"minecraft:birch_planks":121,"biomesoplenty:yellow_autumn_leaves":2,"minecraft:black_wall_banner":1,"minecraft:spruce_log":6,"minecraft:birch_leaves":4,"minecraft:coal_ore":36,"minecraft:gravel":2,"biomesoplenty:stripped_redwood_wood":8,"minecraft:cobweb":36,"minecraft:cracked_stone_bricks":9,"minecraft:stone_bricks":93,"minecraft:mossy_stone_bricks":23,"biomesoplenty:redwood_wood":30,"minecraft:fern":26},"minecraft:killed_by":{"minecraft:zombie":2,"minecraft:player":2,"alexsmobs:centipede_head":1,"minecraft:skeleton":2},"minecraft:dropped":{"minecraft:iron_sword":1,"minecraft:birch_planks":15,"minecraft:glass_bottle":2,"minecraft:diamond":1,"minecraft:cracked_stone_bricks":2,"minecraft:black_banner":1,"minecraft:birch_slab":9,"minecraft:red_mushroom":3,"minecraft:emerald":6,"minecraft:dirt":2,"supplementaries:rope":2,"biomesoplenty:stripped_redwood_wood":4,"minecraft:snowball":17,"minecraft:sand":2,"minecraft:birch_log":4,"twigs:twig":14,"spawnersplus:spawner_fragment":3,"minecraft:stone_axe":1,"crabbersdelight:shrimp":1,"minecraft:cobbled_deepslate":3,"minecraft:rotten_flesh":31,"minecraft:oak_planks":175,"biomesoplenty:orange_autumn_sapling":13,"minecraft:salmon":9,"supplementaries:ash":9,"minecraft:tipped_arrow":40,"minecraft:deepslate_tiles":2,"minecraft:gunpowder":9,"minecraft:ladder":4,"minecraft:iron_bars":4,"minecraft:arrow":48,"crabbersdelight:clawster":2,"minecraft:enchanted_book":1,"minecraft:iron_ingot":3,"minecraft:wheat_seeds":1,"minecraft:iron_helmet":2,"minecraft:cobblestone":32,"minecraft:book":3,"delightful:green_tea_leaf":2,"minecraft:apple":2,"minecraft:granite":4,"minecraft:copper_ingot":1,"minecraft:stick":5,"minecraft:lava_bucket":1,"minecraft:ink_sac":4,"minecraft:torch":69,"minecraft:iron_leggings":2,"delightful:acorn":4,"minecraft:white_banner":1,"minecraft:string":7,"delightful:salmonberries":1,"minecraft:spruce_sapling":2,"twigs:petrified_lichen":2,"minecraft:stone_sword":1,"minecraft:iron_boots":4,"minecraft:blast_furnace":1,"minecraft:shield":1,"supplementaries:rope_arrow":1,"minecraft:mossy_stone_bricks":5,"minecraft:oak_sapling":1,"minecraft:spruce_log":6,"minecraft:bow":1,"hearth_and_home:cobblestone_bricks":3},"minecraft:killed":{"minecraft:cave_spider":3,"minecraft:witch":10,"minecraft:spider":20,"minecraft:cod":14,"minecraft:skeleton":9,"alexsmobs:orca":1,"minecraft:illusioner":2,"minecraft:salmon":11,"minecraft:creeper":4,"minecraft:pillager":5,"minecraft:zombie":34,"alexsmobs:raccoon":3,"illagerinvasion:marauder":1,"quark:toretoise":2,"minecraft:player":1,"minecraft:enderman":2},"minecraft:crafted":{"minecraft:oak_planks":432,"minecraft:birch_slab":30,"minecraft:diamond_shovel":1,"hearth_and_home:cobblestone_bricks":24,"minecraft:iron_boots":2,"aether:diamond_gloves":1,"minecraft:golden_axe":1,"minecraft:cooked_porkchop":4,"minecraft:diamond_axe":1,"minecraft:crafting_table":9,"minecraft:spruce_planks":4,"minecraft:wooden_pickaxe":1,"minecraft:iron_helmet":3,"minecraft:birch_planks":348,"supplementaries:wrench":1,"minecraft:iron_chestplate":1,"minecraft:shield":2,"minecraft:birch_fence":24,"minecraft:stick":124,"quark:oak_chest":6,"minecraft:iron_ingot":44,"minecraft:iron_pickaxe":1,"minecraft:stone_sword":2,"minecraft:gold_ingot":27,"minecraft:birch_stairs":12,"minecraft:oak_door":3,"minecraft:stone_shovel":1,"minecraft:furnace":2,"minecraft:dark_oak_trapdoor":2,"quark:dark_oak_chest":1,"minecraft:iron_axe":1,"minecraft:ladder":8,"shieldexp:diamond_shield":1,"minecraft:stone_pickaxe":3,"minecraft:dark_oak_planks":376,"minecraft:cooked_cod":1,"minecraft:diamond_sword":1,"minecraft:dried_kelp":104,"minecraft:iron_sword":2,"minecraft:cooked_salmon":7,"minecraft:bucket":1,"minecraft:stone_axe":3,"minecraft:air":0,"minecraft:oak_fence_gate":2,"handcrafted:birch_pillar_trim":12,"minecraft:white_wool":9,"minecraft:iron_leggings":2,"minecraft:white_bed":3,"minecraft:torch":128},"minecraft:used":{"minecraft:ladder":3,"minecraft:shield":27,"minecraft:stone":10,"minecraft:iron_sword":218,"minecraft:rotten_flesh":66,"minecraft:carrot":4,"minecraft:snowball":60,"minecraft:lava_bucket":2,"friendsandfoes:totem_of_illusion":2,"minecraft:birch_sapling":24,"minecraft:dark_oak_slab":2,"minecraft:stone_bricks":80,"delightful:green_tea_leaf":10,"minecraft:bow":2,"minecraft:furnace":2,"minecraft:oak_sapling":6,"minecraft:cooked_cod":16,"minecraft:egg":1,"minecraft:mossy_stone_bricks":11,"minecraft:stripped_birch_log":10,"minecraft:stone_pickaxe":175,"minecraft:oak_planks":250,"minecraft:wooden_pickaxe":29,"minecraft:diamond_axe":646,"minecraft:golden_apple":2,"minecraft:dark_oak_trapdoor":2,"minecraft:birch_fence":36,"minecraft:dark_oak_log":1,"minecraft:birch_slab":50,"minecraft:heavy_weighted_pressure_plate":4,"minecraft:bread":4,"minecraft:iron_door":4,"minecraft:diamond_sword":149,"minecraft:birch_log":132,"minecraft:andesite":1,"minecraft:oak_boat":1,"delightful:acorn":2,"minecraft:stone_sword":79,"minecraft:cracked_deepslate_bricks":2,"minecraft:stone_shovel":18,"minecraft:dried_kelp":98,"minecraft:spruce_planks":1,"minecraft:cooked_salmon":7,"minecraft:oak_door":2,"minecraft:torch":193,"minecraft:dirt":213,"minecraft:oak_fence_gate":2,"minecraft:dark_oak_planks":130,"biomesoplenty:redwood_wood":9,"minecraft:iron_axe":336,"minecraft:iron_boots":1,"handcrafted:birch_pillar_trim":49,"minecraft:cobbled_deepslate":57,"minecraft:golden_axe":35,"minecraft:birch_planks":167,"minecraft:deepslate_bricks":3,"delightful:salmonberries":1,"minecraft:crafting_table":9,"minecraft:white_bed":3,"minecraft:cod":1,"biomesoplenty:orange_autumn_sapling":7,"minecraft:oak_log":53,"minecraft:diamond_pickaxe":724,"minecraft:apple":27,"minecraft:diamond_shovel":420,"supplementaries:wrench":60,"minecraft:iron_pickaxe":79,"minecraft:stone_axe":304,"twigs:twig":1,"minecraft:chiseled_stone_bricks":1,"minecraft:fishing_rod":48,"quark:dark_oak_chest":1,"minecraft:cobblestone":142,"minecraft:cooked_porkchop":4,"minecraft:bucket":3,"quark:oak_chest":6,"alexsmobs:animal_dictionary":4,"hearth_and_home:cobblestone_bricks":21,"twigs:pebble":1,"minecraft:kelp":1,"minecraft:birch_stairs":21},"minecraft:custom":{"minecraft:interact_with_crafting_table":79,"goblintraders:trade_with_goblin":31,"minecraft:leave_game":5,"minecraft:time_since_death":303445,"minecraft:sprint_one_cm":994826,"minecraft:damage_blocked_by_shield":1393,"minecraft:drop":110,"minecraft:play_time":463172,"minecraft:deaths":7,"minecraft:jump":6152,"minecraft:walk_on_water_one_cm":36259,"minecraft:interact_with_furnace":80,"minecraft:sleep_in_bed":15,"minecraft:damage_dealt":22772,"minecraft:player_kills":1,"minecraft:crouch_one_cm":75978,"minecraft:inspect_dispenser":3,"minecraft:mob_kills":121,"minecraft:interact_with_anvil":5,"minecraft:interact_with_campfire":13,"minecraft:climb_one_cm":10331,"minecraft:walk_one_cm":1524444,"minecraft:sneak_time":22544,"minecraft:walk_under_water_one_cm":35246,"minecraft:boat_one_cm":137627,"minecraft:interact_with_blast_furnace":3,"minecraft:total_world_time":463172,"minecraft:time_since_rest":17809,"minecraft:damage_taken":5615,"minecraft:damage_absorbed":18,"minecraft:swim_one_cm":90463,"minecraft:fly_one_cm":812859,"minecraft:open_chest":306,"minecraft:fish_caught":16,"minecraft:fall_one_cm":105661},"minecraft:picked_up":{"minecraft:iron_chestplate":1,"illagerinvasion:platinum_chunk":2,"minecraft:lead":1,"biomesoplenty:stripped_redwood_wood":4,"biomesoplenty:orange_autumn_sapling":35,"minecraft:potion":1,"spawnersplus:spawner_fragment":7,"minecraft:string":52,"minecraft:dark_oak_trapdoor":1,"biomesoplenty:yellow_autumn_sapling":17,"minecraft:iron_leggings":1,"minecraft:pufferfish":1,"minecraft:deepslate_tiles":2,"minecraft:cobbled_deepslate":163,"delightful:acorn":13,"twigs:pebble":2,"minecraft:rose_bush":4,"alexsmobs:raccoon_tail":1,"biomesoplenty:redwood_wood":26,"delightful:green_tea_leaf":20,"minecraft:iron_boots":4,"minecraft:stick":8,"hearth_and_home:cobblestone_bricks":3,"minecraft:torch":152,"minecraft:dried_kelp":26,"minecraft:diorite":1,"minecraft:stone_sword":3,"minecraft:rotten_flesh":40,"minecraft:tropical_fish":1,"supplementaries:antique_ink":3,"supplementaries:ash":32,"minecraft:cod":24,"minecraft:iron_bars":7,"minecraft:snowball":77,"minecraft:cobblestone":254,"minecraft:birch_log":290,"minecraft:lilac":1,"minecraft:iron_door":12,"minecraft:birch_slab":38,"minecraft:andesite":1,"minecraft:tuff":17,"minecraft:stripped_birch_log":14,"minecraft:lapis_lazuli":41,"minecraft:dirt":529,"minecraft:bone":16,"minecraft:bow":1,"minecraft:wheat_seeds":24,"minecraft:raw_gold":19,"minecraft:mossy_stone_bricks":27,"minecraft:glowstone_dust":2,"twigs:twig":90,"minecraft:oak_planks":200,"minecraft:mossy_stone_brick_stairs":1,"patchouli:guide_book":2,"crabbersdelight:crab":3,"minecraft:sand":2,"minecraft:ink_sac":4,"minecraft:dark_oak_log":98,"minecraft:sugar":1,"minecraft:diamond":5,"minecraft:granite":59,"minecraft:emerald":26,"minecraft:oak_sapling":36,"twigs:rhyolite":16,"crabbersdelight:shrimp":1,"minecraft:dark_oak_fence":2,"minecraft:diamond_pickaxe":1,"biomesoplenty:redwood_log":1,"minecraft:crafting_table":1,"twigs:petrified_lichen":2,"minecraft:ladder":4,"minecraft:wooden_pickaxe":1,"friendsandfoes:totem_of_illusion":3,"minecraft:gold_block":1,"minecraft:shield":3,"minecraft:heavy_weighted_pressure_plate":4,"minecraft:moss_carpet":1,"minecraft:birch_fence":24,"minecraft:cracked_stone_bricks":8,"handcrafted:birch_pillar_trim":40,"minecraft:oak_boat":1,"minecraft:poppy":4,"supplementaries:rope":2,"minecraft:birch_sapling":24,"minecraft:egg":1,"minecraft:raw_iron":22,"minecraft:copper_ingot":1,"minecraft:carrot":2,"minecraft:redstone":20,"minecraft:dark_oak_planks":11,"minecraft:arrow":31,"minecraft:cooked_cod":15,"minecraft:deepslate_bricks":3,"minecraft:cracked_deepslate_bricks":2,"minecraft:black_banner":1,"minecraft:rail":3,"minecraft:stripped_oak_log":14,"crabbersdelight:clawster":4,"minecraft:salmon":24,"minecraft:red_mushroom":3,"minecraft:birch_planks":131,"minecraft:oak_log":255,"minecraft:gunpowder":17,"minecraft:white_banner":1,"supplementaries:wrench":1,"minecraft:apple":16,"minecraft:stone_bricks":80,"minecraft:kelp":97,"minecraft:iron_ingot":14,"minecraft:stone_pickaxe":1,"minecraft:cooked_chicken":4,"minecraft:glass_bottle":2,"minecraft:iron_sword":1,"minecraft:book":6,"minecraft:dark_oak_slab":1,"minecraft:sweet_berries":3,"minecraft:chiseled_stone_bricks":2,"minecraft:gravel":2,"minecraft:birch_stairs":19,"minecraft:spruce_sapling":2,"minecraft:blast_furnace":2,"delightful:salmonberries":2,"minecraft:spruce_log":7,"illagerinvasion:illusionary_dust":1,"minecraft:spider_eye":13,"biomesoplenty:maple_sapling":32,"minecraft:stone_axe":1,"minecraft:coal":34}},"DataVersion":3465}