{"stats":{"minecraft:picked_up":{"minecraft:iron_chestplate":3,"minecraft:smithing_table":1,"minecraft:lead":1,"minecraft:diamond_sword":9,"biomesoplenty:orange_autumn_sapling":4,"friendsandfoes:buttercup":3,"spawnersplus:spawner_fragment":8,"biomesoplenty:blood_bucket":1,"biomesoplenty:rainbow_birch_sapling":6,"minecraft:amethyst_block":50,"minecraft:string":19,"biomesoplenty:yellow_autumn_sapling":1,"minecraft:cooked_salmon":3,"minecraft:cobbled_deepslate":1123,"minecraft:diamond_leggings":1,"minecraft:gold_nugget":136,"minecraft:spruce_planks":2,"chipped:barbed_iron_bars":4,"minecraft:cherry_log":1,"shieldexp:iron_shield":1,"cataclysm:amethyst_crab_shell":3,"minecraft:golden_chestplate":3,"minecraft:rabbit_foot":2,"minecraft:stone_sword":1,"supplementaries:ash":85,"minecraft:blaze_rod":1,"minecraft:iron_bars":1,"alexsmobs:flying_fish":8,"biomesoplenty:lavender":20,"minecraft:birch_log":198,"minecraft:magma_block":4,"farmersdelight:rice":1,"minecraft:cooked_beef":28,"minecraft:feather":46,"minecraft:iron_door":3,"alexsmobs:bison_fur":2,"minecraft:flint":4,"farmersdelight:tomato":1,"biomesoplenty:snowblossom_sapling":3,"minecraft:rabbit":11,"minecraft:diamond_helmet":1,"minecraft:glowstone_dust":84,"minecraft:moss_block":11,"patchouli:guide_book":2,"minecraft:birch_fence_gate":2,"minecraft:ink_sac":1,"minecraft:dark_oak_log":148,"alexsmobs:animal_dictionary":1,"minecraft:dispenser":1,"minecraft:granite":51,"minecraft:bread":5,"alexsmobs:maggot":1,"minecraft:jack_o_lantern":1,"twigs:rhyolite":39,"minecraft:dark_oak_fence":48,"minecraft:diamond_pickaxe":7,"minecraft:crafting_table":2,"minecraft:clay_ball":52,"blue_skies:blue_journal":1,"friendsandfoes:totem_of_illusion":1,"minecraft:netherite_scrap":3,"twigs:opaline_seashell":8,"minecraft:cracked_stone_bricks":5,"handcrafted:birch_pillar_trim":1,"minecraft:beef":30,"minecraft:iron_nugget":11,"minecraft:poppy":17,"minecraft:chest":1,"farmersdelight:canvas_rug":1,"supplementaries:rope":2,"minecraft:birch_sapling":40,"minecraft:egg":62,"aether:iron_pendant":2,"alexsmobs:straddlite":2,"minecraft:carrot":174,"minecraft:redstone":3,"minecraft:diamond_chestplate":2,"minecraft:peony":1,"minecraft:deepslate_bricks":3,"minecraft:shears":1,"minecraft:diamond_boots":1,"minecraft:cracked_deepslate_bricks":4,"minecraft:glow_berries":4,"minecraft:mutton":37,"minecraft:rail":28,"minecraft:white_wool":50,"minecraft:red_mushroom":7,"minecraft:oak_log":53,"minecraft:ancient_debris":29,"quark:limestone":1,"minecraft:paper":4,"minecraft:white_banner":2,"biomesoplenty:glowing_moss_carpet":8,"minecraft:apple":3,"minecraft:stone_bricks":52,"minecraft:kelp":312,"minecraft:glass_bottle":4,"minecraft:iron_sword":2,"minecraft:smooth_basalt":1,"minecraft:dark_oak_slab":9,"minecraft:gravel":14,"twigs:bronzed_seashell":6,"biomesoplenty:maple_sapling":13,"minecraft:stone_axe":4,"minecraft:ender_pearl":1,"minecraft:wheat":251,"biomesoplenty:burning_blossom":3,"illagerinvasion:platinum_chunk":11,"twigs:roseate_seashell":4,"supplementaries:bomb_blue":1,"aether:iron_gloves":1,"biomesoplenty:stripped_redwood_wood":4,"minecraft:stone_brick_stairs":3,"minecraft:raw_copper":48,"aether:diamond_gloves":1,"minecraft:iron_leggings":1,"minecraft:armor_stand":2,"minecraft:zombie_head":2,"alexsmobs:blood_sac":1,"delightful:acorn":9,"twigs:pebble":18,"minecraft:rose_bush":7,"minecraft:calcite":4,"minecraft:iron_pickaxe":2,"bygonenether:soul_stone":37,"delightful:green_tea_leaf":6,"minecraft:furnace":1,"minecraft:iron_boots":3,"minecraft:tipped_arrow":21,"minecraft:torch":183,"twigs:silt_ball":4,"conjurer_illager:throwable_ball":2,"minecraft:porkchop":6,"minecraft:dried_kelp":8,"minecraft:pointed_dripstone":2,"minecraft:diorite":76,"minecraft:rotten_flesh":63,"supplementaries:antique_ink":8,"cataclysm:amethyst_crab_meat":10,"minecraft:obsidian":7,"twigs:tangerine_seashell":8,"minecraft:cod":12,"minecraft:cobblestone":694,"minecraft:lilac":2,"minecraft:magma_cream":8,"minecraft:andesite":70,"delightful:animal_fat":8,"biomesoplenty:glowshroom":18,"minecraft:potato":49,"minecraft:magenta_dye":2,"minecraft:tuff":38,"supplementaries:flax_seeds":19,"minecraft:lapis_lazuli":33,"minecraft:dirt":521,"minecraft:bone":57,"farmersdelight:iron_knife":1,"minecraft:bow":2,"minecraft:wheat_seeds":592,"minecraft:raw_gold":17,"minecraft:mossy_stone_bricks":9,"twigs:twig":54,"minecraft:oak_planks":5,"minecraft:mossy_stone_brick_stairs":2,"biomesoplenty:toadstool":1,"minecraft:cooked_porkchop":21,"minecraft:poisonous_potato":1,"minecraft:sand":17,"minecraft:nether_brick_stairs":2,"minecraft:grass_block":2,"minecraft:lily_of_the_valley":6,"minecraft:diamond":176,"waystones:waystone":1,"minecraft:crossbow":3,"minecraft:bone_meal":33,"minecraft:emerald":68,"minecraft:oak_sapling":2,"minecraft:netherrack":3288,"crabbersdelight:shrimp":2,"minecraft:charcoal":13,"twigs:petrified_lichen":1,"minecraft:chicken":38,"minecraft:ladder":5,"minecraft:brown_mushroom":14,"minecraft:stone_brick_wall":1,"minecraft:cooked_rabbit":1,"minecraft:shield":4,"minecraft:moss_carpet":1,"minecraft:birch_fence":50,"minecraft:oak_boat":3,"alexsmobs:elastic_tendon":3,"minecraft:sugar_cane":24,"minecraft:raw_iron":289,"bygonenether:cobbled_blackstone":12,"minecraft:copper_ingot":1,"minecraft:dark_oak_planks":10,"minecraft:arrow":140,"minecraft:nether_bricks":14,"minecraft:saddle":3,"minecraft:skeleton_skull":2,"minecraft:basalt":1,"minecraft:salmon":18,"minecraft:leather":20,"minecraft:music_disc_stal":2,"minecraft:carrot_on_a_stick":2,"minecraft:birch_planks":51,"minecraft:gunpowder":14,"minecraft:cooked_mutton":11,"minecraft:rabbit_hide":9,"minecraft:iron_ingot":35,"minecraft:cooked_chicken":8,"minecraft:mossy_stone_brick_wall":1,"minecraft:book":123,"minecraft:pumpkin":10,"minecraft:chiseled_stone_bricks":1,"minecraft:quartz":64,"minecraft:amethyst_shard":26,"minecraft:blast_furnace":1,"minecraft:white_bed":1,"minecraft:nether_brick_slab":2,"biomesoplenty:glowing_moss_block":13,"minecraft:spider_eye":6,"biomesoplenty:bramble":8,"minecraft:iron_helmet":2,"minecraft:black_wool":8,"minecraft:coal":146},"minecraft:used":{"minecraft:ladder":2,"minecraft:grass_block":1,"minecraft:dark_oak_slab":67,"minecraft:music_disc_stal":2,"delightful:green_tea_leaf":3,"cataclysm:amethyst_crab_meat":6,"minecraft:bow":97,"minecraft:sweet_berries":3,"minecraft:furnace":5,"minecraft:cooked_cod":4,"minecraft:egg":21,"minecraft:potato":8,"friendsandfoes:buttercup":1,"minecraft:diorite":31,"minecraft:wooden_pickaxe":2,"minecraft:golden_apple":2,"biomesoplenty:rainbow_birch_sapling":3,"minecraft:blast_furnace":1,"minecraft:birch_fence":53,"minecraft:birch_slab":2,"minecraft:diamond_sword":1745,"minecraft:dark_oak_fence":226,"minecraft:oak_boat":5,"delightful:acorn":2,"minecraft:stone_sword":135,"minecraft:armor_stand":2,"minecraft:netherrack":340,"minecraft:cooked_salmon":6,"minecraft:torch":435,"minecraft:iron_axe":545,"minecraft:smooth_basalt":1,"minecraft:diamond_chestplate":1,"biomesoplenty:blood_bucket":10,"minecraft:cobbled_deepslate":654,"minecraft:pointed_dripstone":1,"minecraft:wheat_seeds":70,"farmersdelight:iron_knife":11,"minecraft:birch_planks":109,"minecraft:cracked_stone_bricks":1,"minecraft:salmon":9,"minecraft:crafting_table":11,"minecraft:white_bed":2,"minecraft:oak_log":1,"minecraft:diamond_pickaxe":6911,"minecraft:iron_pickaxe":208,"supplementaries:wrench":1,"minecraft:chiseled_stone_bricks":1,"minecraft:cobblestone":472,"minecraft:porkchop":2,"minecraft:cooked_porkchop":18,"minecraft:iron_shovel":506,"minecraft:carrot_on_a_stick":9,"minecraft:shield":9,"minecraft:iron_sword":183,"minecraft:iron_chestplate":1,"minecraft:carrot":7,"minecraft:tuff":6,"minecraft:obsidian":1,"minecraft:iron_helmet":1,"minecraft:stone_bricks":1,"minecraft:stone_pickaxe":298,"minecraft:oak_planks":4,"minecraft:sugar_cane":2,"minecraft:white_wool":1,"minecraft:lingering_potion":1,"shieldexp:iron_shield":3,"conjurer_illager:throwable_ball":2,"minecraft:birch_fence_gate":5,"minecraft:dark_oak_log":5,"minecraft:bread":64,"minecraft:string":1,"minecraft:iron_door":2,"minecraft:gravel":6,"minecraft:andesite":6,"minecraft:bone_meal":612,"minecraft:rose_bush":1,"quark:birch_chest":2,"minecraft:dried_kelp":227,"minecraft:stone_hoe":75,"minecraft:cooked_chicken":25,"minecraft:dirt":161,"twigs:rhyolite":31,"minecraft:granite":6,"minecraft:dark_oak_planks":162,"alexsmobs:maggot":1,"minecraft:cooked_beef":32,"minecraft:iron_leggings":1,"minecraft:cooked_mutton":16,"minecraft:baked_potato":10,"minecraft:apple":10,"minecraft:stone_axe":125,"minecraft:bucket":10,"alexsmobs:animal_dictionary":16,"twigs:pebble":1},"minecraft:killed":{"illagerinvasion:archivist":2,"alexsmobs:murmur":1,"minecraft:cod":12,"illagerinvasion:basher":1,"minecraft:skeleton":35,"friendsandfoes:glare":1,"minecraft:chicken":43,"alexsmobs:straddler":3,"minecraft:magma_cube":101,"minecraft:salmon":21,"minecraft:pillager":8,"minecraft:zombie":68,"minecraft:cow":16,"alexsmobs:raccoon":1,"minecraft:vindicator":5,"illagerinvasion:marauder":4,"minecraft:rabbit":12,"minecraft:ravager":1,"raided:necromancer":1,"raided:savager":1,"minecraft:enderman":1,"minecraft:witch":5,"minecraft:spider":12,"cataclysm:amethyst_crab":1,"illagerinvasion:provoker":1,"minecraft:illusioner":3,"illagerinvasion:inquisitor":1,"minecraft:pig":13,"illagerinvasion:alchemist":1,"alexsmobs:crimson_mosquito":1,"minecraft:creeper":5,"minecraft:sheep":30,"alexsmobs:fly":1,"minecraft:blaze":1,"minecraft:vex":4,"alexsmobs:cosmaw":2,"alexsmobs:bison":1,"minecraft:drowned":1,"alexsmobs:flying_fish":8,"alexsmobs:skunk":2,"alexsmobs:cockroach":2,"alexsmobs:crow":2,"minecraft:wither_skeleton":4,"minecraft:player":1},"minecraft:broken":{"minecraft:iron_axe":1,"minecraft:iron_shovel":1,"minecraft:stone_pickaxe":1},"minecraft:killed_by":{"minecraft:ravager":3,"minecraft:magma_cube":1,"minecraft:vindicator":11,"minecraft:zombie":2,"minecraft:vex":2,"alexsmobs:centipede_head":1,"alexsmobs:orca":1,"minecraft:evoker":2,"minecraft:creeper":3,"quark:forgotten":1,"minecraft:player":1,"minecraft:skeleton":8},"minecraft:custom":{"minecraft:interact_with_crafting_table":93,"minecraft:open_barrel":13,"goblintraders:trade_with_goblin":48,"minecraft:leave_game":12,"minecraft:time_since_death":23469,"minecraft:damage_blocked_by_shield":585,"minecraft:play_time":833941,"minecraft:deaths":38,"minecraft:jump":12740,"minecraft:enchant_item":7,"minecraft:interact_with_furnace":171,"minecraft:play_record":2,"minecraft:sleep_in_bed":11,"minecraft:waystone_activated":5,"minecraft:damage_dealt":51070,"minecraft:interact_with_smithing_table":4,"minecraft:interact_with_anvil":26,"minecraft:sneak_time":41819,"minecraft:interact_with_blast_furnace":34,"minecraft:total_world_time":833941,"minecraft:time_since_rest":23501,"minecraft:swim_one_cm":273890,"minecraft:fly_one_cm":2090498,"minecraft:open_chest":591,"minecraft:fall_one_cm":305660,"minecraft:animals_bred":38,"minecraft:sprint_one_cm":2135184,"minecraft:drop":424,"minecraft:talked_to_villager":7,"minecraft:interact_with_brewingstand":1,"minecraft:walk_on_water_one_cm":106401,"minecraft:player_kills":4,"minecraft:crouch_one_cm":127610,"minecraft:mob_kills":456,"minecraft:climb_one_cm":18466,"minecraft:walk_one_cm":3513764,"minecraft:walk_under_water_one_cm":125071,"minecraft:interact_with_grindstone":1,"minecraft:damage_taken":22858,"minecraft:damage_absorbed":80},"minecraft:dropped":{"minecraft:diamond":39,"minecraft:cooked_porkchop":3,"minecraft:crossbow":3,"minecraft:glow_berries":4,"minecraft:mossy_stone_brick_stairs":2,"farmersdelight:canvas_rug":1,"minecraft:cracked_stone_bricks":4,"minecraft:saddle":1,"quark:limestone":1,"minecraft:rail":28,"minecraft:red_mushroom":1,"minecraft:emerald":3,"twigs:pebble":11,"minecraft:dirt":280,"supplementaries:rope":3,"alexsmobs:flying_fish":8,"minecraft:jack_o_lantern":1,"minecraft:bone_meal":8,"minecraft:sand":22,"minecraft:iron_pickaxe":2,"minecraft:white_wool":4,"spawnersplus:spawner_fragment":8,"cataclysm:amethyst_crab_shell":3,"minecraft:stone_axe":5,"minecraft:iron_nugget":23,"minecraft:golden_chestplate":4,"minecraft:cobbled_deepslate":201,"crabbersdelight:shrimp":2,"minecraft:birch_sapling":17,"minecraft:wheat":4,"minecraft:rotten_flesh":35,"minecraft:oak_planks":39,"biomesoplenty:glowing_moss_carpet":8,"supplementaries:flax_seeds":6,"minecraft:tipped_arrow":16,"minecraft:ladder":2,"farmersdelight:rope":33,"minecraft:white_dye":33,"minecraft:beef":12,"minecraft:stone_brick_stairs":2,"minecraft:egg":1,"farmersdelight:tomato_seeds":1,"minecraft:iron_ingot":27,"minecraft:wheat_seeds":33,"biomesoplenty:lavender":20,"minecraft:iron_helmet":2,"minecraft:feather":23,"minecraft:cobblestone":113,"minecraft:granite":26,"minecraft:coal":10,"friendsandfoes:buttercup":2,"minecraft:cobweb":4,"bygonenether:soul_stone":37,"minecraft:rabbit":3,"minecraft:rose_bush":1,"minecraft:dried_kelp":11,"minecraft:pumpkin":4,"minecraft:white_banner":1,"biomesoplenty:glowshroom":18,"minecraft:iron_shovel":1,"minecraft:paper":2,"minecraft:string":4,"twigs:rhyolite":5,"minecraft:moss_carpet":1,"minecraft:stone_sword":2,"minecraft:chicken":15,"minecraft:iron_boots":4,"minecraft:lily_of_the_valley":6,"minecraft:diamond_sword":9,"minecraft:potato":2,"minecraft:peony":1,"minecraft:spruce_planks":2,"minecraft:diamond_pickaxe":6,"minecraft:spider_eye":2,"minecraft:stone_bricks":29,"minecraft:bow":1,"minecraft:magenta_dye":2,"minecraft:nether_brick_stairs":1,"alexsmobs:straddlite":1,"minecraft:moss_block":8,"minecraft:birch_planks":2,"minecraft:baked_potato":39,"minecraft:leather":1,"farmersdelight:rice":2,"minecraft:cod":8,"minecraft:flint":4,"blue_skies:blue_journal":1,"aether:iron_pendant":1,"minecraft:mutton":28,"minecraft:birch_log":76,"twigs:twig":2,"minecraft:armor_stand":1,"minecraft:gravel":8,"minecraft:pointed_dripstone":1,"biomesoplenty:orange_autumn_sapling":2,"biomesoplenty:glowing_moss_block":13,"minecraft:birch_fence_gate":1,"patchouli:guide_book":2,"supplementaries:antique_ink":1,"minecraft:poppy":6,"supplementaries:ash":53,"alexsmobs:elastic_tendon":1,"minecraft:gunpowder":8,"minecraft:mossy_stone_brick_wall":1,"minecraft:skeleton_skull":2,"minecraft:stone_brick_wall":1,"minecraft:chest":1,"aether:golden_ring":1,"minecraft:iron_bars":1,"minecraft:arrow":44,"minecraft:netherrack":2492,"minecraft:bread":24,"cataclysm:amethyst_crab_meat":4,"minecraft:cherry_log":1,"minecraft:lilac":2,"minecraft:smithing_table":1,"minecraft:diamond_leggings":1,"minecraft:poisonous_potato":1,"minecraft:lead":1,"minecraft:copper_ingot":1,"minecraft:grass_block":1,"minecraft:stick":14,"illagerinvasion:platinum_chunk":1,"minecraft:diorite":15,"minecraft:torch":50,"supplementaries:bomb_blue":1,"minecraft:zombie_head":2,"minecraft:iron_leggings":1,"minecraft:redstone":1,"minecraft:nether_brick_slab":1,"twigs:petrified_lichen":1,"minecraft:raw_copper":5,"minecraft:tuff":2,"minecraft:raw_iron":49,"minecraft:deepslate_bricks":3,"minecraft:shield":3,"supplementaries:rope_arrow":1,"aether:iron_gloves":1,"minecraft:diamond_chestplate":1,"aether:diamond_gloves":1,"minecraft:iron_chestplate":6,"minecraft:andesite":58,"minecraft:mossy_stone_bricks":9,"minecraft:oak_boat":2,"minecraft:raw_gold":4,"minecraft:cracked_deepslate_bricks":1,"minecraft:calcite":4},"minecraft:crafted":{"quark:birch_chest":2,"waystones:waystone":1,"minecraft:glass":40,"minecraft:quartz_block":16,"minecraft:diamond_helmet":1,"minecraft:diamond_leggings":1,"minecraft:birch_fence_gate":4,"minecraft:copper_ingot":41,"waystones:warp_stone":1,"minecraft:iron_pickaxe":1,"minecraft:gold_ingot":4,"minecraft:netherite_ingot":1,"minecraft:bone_meal":618,"minecraft:dark_oak_fence":183,"minecraft:stone_pickaxe":2,"minecraft:diamond_boots":1,"minecraft:dark_oak_planks":580,"minecraft:dried_kelp":292,"minecraft:iron_shovel":2,"minecraft:white_bed":1,"minecraft:oak_planks":220,"minecraft:cooked_chicken":16,"minecraft:stone_hoe":1,"minecraft:crafting_table":9,"minecraft:wooden_pickaxe":1,"minecraft:baked_potato":10,"minecraft:birch_planks":482,"minecraft:pumpkin_seeds":24,"minecraft:dark_oak_slab":60,"minecraft:birch_fence":96,"minecraft:stick":340,"minecraft:iron_ingot":138,"minecraft:stone_sword":3,"minecraft:shears":1,"minecraft:furnace":5,"minecraft:iron_axe":2,"minecraft:netherite_scrap":27,"minecraft:cooked_beef":7,"minecraft:red_dye":21,"minecraft:cooked_cod":1,"minecraft:diamond_sword":2,"minecraft:cooked_salmon":6,"minecraft:stone_axe":1,"minecraft:bread":70,"minecraft:air":0,"minecraft:oak_boat":5,"minecraft:white_dye":33,"minecraft:torch":348,"minecraft:diamond_chestplate":1},"minecraft:mined":{"minecraft:dark_oak_planks":11,"minecraft:white_bed":1,"farmersdelight:canvas_rug":1,"minecraft:obsidian":5,"biomesoplenty:burning_blossom":2,"minecraft:granite":56,"biomesoplenty:bramble":7,"minecraft:stone_brick_wall":1,"minecraft:deepslate_bricks":1,"chipped:barbed_iron_bars":2,"minecraft:chiseled_stone_bricks":2,"minecraft:tall_seagrass":12,"minecraft:magma_block":7,"biomesoplenty:tall_lavender":1,"diagonalfences:minecraft/birch_fence":53,"minecraft:fire":10,"minecraft:cobbled_deepslate":31,"biomesoplenty:lavender":25,"minecraft:pumpkin":11,"minecraft:moss_carpet":2,"minecraft:nether_brick_stairs":2,"biomesoplenty:glowshroom_block":12,"minecraft:cave_vines":11,"minecraft:small_amethyst_bud":10,"quark:limestone":1,"illagerinvasion:magic_fire":4,"biomesoplenty:jacaranda_leaves":1,"minecraft:brown_mushroom":5,"blue_skies:turquoise_stonebrick":1,"minecraft:kelp_plant":80,"biomesoplenty:glowworm_silk":12,"biomesoplenty:blackstone_spines":2,"minecraft:amethyst_cluster":3,"minecraft:torch":34,"minecraft:blast_furnace":1,"minecraft:nether_brick_slab":1,"friendsandfoes:buttercup":2,"minecraft:sugar_cane":14,"minecraft:amethyst_block":58,"biomesoplenty:glowworm_silk_strand":1,"minecraft:wheat":51,"minecraft:lilac":5,"minecraft:stone_brick_stairs":6,"minecraft:grass":657,"minecraft:smooth_basalt":4,"twigs:rhyolite":29,"minecraft:red_mushroom_block":3,"minecraft:deepslate":1210,"biomesoplenty:orange_autumn_leaves":3,"minecraft:dark_oak_log":179,"minecraft:jack_o_lantern":1,"minecraft:birch_fence_gate":2,"minecraft:nether_bricks":15,"biomesoplenty:dead_grass":5,"minecraft:red_mushroom":1,"minecraft:moss_block":13,"minecraft:kelp":25,"supplementaries:rope":1,"minecraft:andesite":78,"twigs:bronzed_seashell":6,"minecraft:mossy_stone_brick_stairs":2,"minecraft:potatoes":2,"minecraft:vine":3,"quark:permafrost":1,"twigs:opaline_seashell":8,"minecraft:smithing_table":1,"twigs:pebble":2,"minecraft:lily_of_the_valley":1,"minecraft:dandelion":1,"minecraft:copper_ore":6,"minecraft:tall_grass":63,"minecraft:deepslate_gold_ore":1,"minecraft:diorite":87,"twigs:tangerine_seashell":8,"minecraft:birch_leaves":3,"bygonenether:soul_stone":43,"minecraft:gravel":17,"minecraft:cobweb":12,"minecraft:stone_bricks":32,"minecraft:gold_ore":15,"minecraft:fern":144,"minecraft:large_amethyst_bud":3,"biomesoplenty:glowshroom":17,"minecraft:spruce_planks":2,"minecraft:farmland":2,"quark:yellow_blossom_leaves":2,"minecraft:cave_vines_plant":10,"minecraft:budding_amethyst":10,"minecraft:grass_block":412,"twigs:twig":4,"farmersdelight:budding_tomatoes":4,"biomesoplenty:blackstone_bulb":15,"biomesoplenty:bramble_leaves":2,"minecraft:glowstone":33,"minecraft:iron_ore":194,"blue_skies:lunar_stonebrick":1,"minecraft:pointed_dripstone":1,"diagonalfences:minecraft/dark_oak_fence":49,"minecraft:azalea":1,"minecraft:blackstone":16,"biomesoplenty:glowing_moss_carpet":2,"minecraft:medium_amethyst_bud":5,"minecraft:clay":13,"minecraft:calcite":6,"minecraft:poppy":15,"minecraft:chest":1,"farmersdelight:brown_mushroom_colony":2,"minecraft:mushroom_stem":3,"minecraft:nether_quartz_ore":68,"minecraft:cobblestone":30,"minecraft:oak_planks":3,"minecraft:iron_door":3,"minecraft:wall_torch":36,"minecraft:deepslate_copper_ore":3,"minecraft:seagrass":11,"minecraft:dark_oak_slab":11,"minecraft:mossy_stone_brick_wall":1,"minecraft:birch_log":195,"biomesoplenty:hair":2,"biomesoplenty:clover":8,"minecraft:oak_log":52,"minecraft:sand":11,"minecraft:dirt":63,"minecraft:netherrack":4075,"minecraft:dispenser":1,"minecraft:ancient_debris":29,"minecraft:oak_leaves":3,"biomesoplenty:glowing_moss_block":13,"minecraft:nether_gold_ore":35,"minecraft:diamond_ore":8,"minecraft:tuff":45,"minecraft:deepslate_diamond_ore":134,"minecraft:ladder":2,"biomesoplenty:bush":1,"farmersdelight:tomatoes":3,"farmersdelight:red_mushroom_colony":1,"minecraft:large_fern":4,"minecraft:furnace":1,"biomesoplenty:willow_vine":2,"minecraft:peony":1,"minecraft:bookshelf":44,"minecraft:deepslate_iron_ore":70,"minecraft:stone":675,"minecraft:podzol":2,"minecraft:crafting_table":3,"twigs:roseate_seashell":4,"minecraft:rose_bush":11,"minecraft:lapis_ore":2,"biomesoplenty:sprout":6,"biomesoplenty:huge_clover_petal":1,"supplementaries:urn":42,"minecraft:birch_planks":5,"minecraft:sweet_berry_bush":2,"minecraft:coal_ore":141,"minecraft:cracked_stone_bricks":4,"minecraft:mossy_stone_bricks":10}},"DataVersion":3465}