{"stats":{"minecraft:mined":{"minecraft:dark_oak_planks":11,"minecraft:large_amethyst_bud":3,"minecraft:spruce_planks":2,"minecraft:white_bed":1,"minecraft:farmland":2,"minecraft:granite":21,"minecraft:budding_amethyst":10,"minecraft:grass_block":373,"minecraft:stone_brick_wall":1,"twigs:twig":4,"minecraft:deepslate_bricks":1,"minecraft:chiseled_stone_bricks":2,"minecraft:tall_seagrass":3,"diagonalfences:minecraft/birch_fence":53,"minecraft:iron_ore":17,"minecraft:cobbled_deepslate":7,"minecraft:pumpkin":7,"minecraft:moss_carpet":1,"diagonalfences:minecraft/dark_oak_fence":48,"minecraft:small_amethyst_bud":10,"quark:limestone":1,"biomesoplenty:jacaranda_leaves":1,"minecraft:kelp_plant":80,"minecraft:medium_amethyst_bud":5,"minecraft:amethyst_cluster":3,"minecraft:torch":24,"minecraft:blast_furnace":1,"minecraft:calcite":6,"minecraft:poppy":15,"minecraft:cobblestone":11,"minecraft:sugar_cane":1,"minecraft:oak_planks":3,"minecraft:iron_door":3,"minecraft:wall_torch":21,"minecraft:amethyst_block":58,"minecraft:deepslate_copper_ore":3,"minecraft:seagrass":3,"minecraft:dark_oak_slab":11,"minecraft:mossy_stone_brick_wall":1,"minecraft:birch_log":195,"minecraft:wheat":4,"minecraft:lilac":5,"minecraft:grass":557,"biomesoplenty:clover":7,"minecraft:oak_log":49,"minecraft:sand":10,"minecraft:dirt":36,"minecraft:smooth_basalt":4,"twigs:rhyolite":2,"minecraft:dispenser":1,"minecraft:red_mushroom_block":3,"minecraft:oak_leaves":3,"minecraft:deepslate":365,"biomesoplenty:orange_autumn_leaves":3,"minecraft:tuff":37,"minecraft:deepslate_diamond_ore":6,"minecraft:dark_oak_log":179,"minecraft:birch_fence_gate":2,"minecraft:ladder":2,"biomesoplenty:bush":1,"minecraft:kelp":25,"supplementaries:rope":1,"minecraft:furnace":1,"minecraft:andesite":7,"minecraft:peony":1,"minecraft:bookshelf":44,"minecraft:deepslate_iron_ore":25,"minecraft:vine":3,"minecraft:stone":149,"twigs:opaline_seashell":1,"twigs:pebble":2,"minecraft:dandelion":1,"minecraft:crafting_table":3,"minecraft:rose_bush":11,"minecraft:tall_grass":52,"biomesoplenty:huge_clover_petal":1,"minecraft:deepslate_gold_ore":1,"minecraft:diorite":23,"supplementaries:urn":23,"minecraft:birch_planks":5,"minecraft:birch_leaves":3,"minecraft:coal_ore":94,"minecraft:gravel":8,"minecraft:cobweb":12,"minecraft:cracked_stone_bricks":3,"minecraft:stone_bricks":23,"minecraft:mossy_stone_bricks":8,"minecraft:fern":123},"minecraft:used":{"minecraft:iron_shovel":441,"minecraft:ladder":2,"minecraft:shield":9,"minecraft:iron_sword":183,"minecraft:iron_chestplate":1,"minecraft:tuff":3,"minecraft:grass_block":1,"minecraft:iron_helmet":1,"minecraft:dark_oak_slab":67,"minecraft:stone_bricks":1,"minecraft:music_disc_stal":1,"delightful:green_tea_leaf":3,"minecraft:furnace":4,"minecraft:stone_pickaxe":298,"minecraft:oak_planks":4,"minecraft:wooden_pickaxe":2,"minecraft:sugar_cane":2,"minecraft:golden_apple":1,"biomesoplenty:rainbow_birch_sapling":2,"minecraft:blast_furnace":1,"minecraft:birch_fence":53,"conjurer_illager:throwable_ball":2,"minecraft:birch_fence_gate":5,"minecraft:dark_oak_log":5,"minecraft:bread":27,"minecraft:string":1,"minecraft:iron_door":2,"minecraft:gravel":4,"minecraft:diamond_sword":602,"minecraft:dark_oak_fence":225,"minecraft:andesite":6,"minecraft:oak_boat":3,"minecraft:bone_meal":396,"delightful:acorn":2,"minecraft:rose_bush":1,"quark:birch_chest":2,"minecraft:stone_sword":135,"minecraft:armor_stand":1,"minecraft:dried_kelp":221,"minecraft:cooked_salmon":6,"minecraft:stone_hoe":75,"minecraft:torch":239,"minecraft:dirt":124,"minecraft:granite":1,"minecraft:dark_oak_planks":162,"minecraft:iron_axe":545,"minecraft:smooth_basalt":1,"minecraft:cobbled_deepslate":164,"minecraft:iron_leggings":1,"minecraft:wheat_seeds":69,"minecraft:birch_planks":109,"minecraft:cracked_stone_bricks":1,"minecraft:salmon":9,"minecraft:crafting_table":8,"minecraft:white_bed":2,"minecraft:oak_log":1,"minecraft:diamond_pickaxe":468,"minecraft:apple":10,"supplementaries:wrench":1,"minecraft:iron_pickaxe":155,"minecraft:stone_axe":125,"minecraft:chiseled_stone_bricks":1,"minecraft:cobblestone":112,"minecraft:porkchop":2,"alexsmobs:animal_dictionary":16,"twigs:pebble":1},"minecraft:custom":{"minecraft:animals_bred":20,"minecraft:interact_with_crafting_table":48,"goblintraders:trade_with_goblin":18,"minecraft:open_barrel":1,"minecraft:leave_game":2,"minecraft:time_since_death":119896,"minecraft:sprint_one_cm":852006,"minecraft:damage_blocked_by_shield":465,"minecraft:drop":145,"minecraft:play_time":384844,"minecraft:deaths":11,"minecraft:jump":4763,"minecraft:walk_on_water_one_cm":53154,"minecraft:interact_with_furnace":110,"minecraft:play_record":1,"minecraft:sleep_in_bed":11,"minecraft:damage_dealt":12408,"minecraft:player_kills":1,"minecraft:crouch_one_cm":48812,"minecraft:interact_with_anvil":5,"minecraft:mob_kills":101,"minecraft:climb_one_cm":7469,"minecraft:walk_one_cm":1713282,"minecraft:sneak_time":18294,"minecraft:walk_under_water_one_cm":64256,"minecraft:interact_with_blast_furnace":3,"minecraft:total_world_time":384844,"minecraft:time_since_rest":6178,"minecraft:damage_taken":6462,"minecraft:damage_absorbed":40,"minecraft:swim_one_cm":140314,"minecraft:fly_one_cm":665112,"minecraft:open_chest":230,"minecraft:fall_one_cm":113768},"minecraft:dropped":{"minecraft:birch_planks":2,"minecraft:cracked_stone_bricks":4,"quark:limestone":1,"minecraft:rail":28,"farmersdelight:rice":2,"minecraft:red_mushroom":1,"minecraft:flint":2,"twigs:pebble":7,"minecraft:dirt":191,"supplementaries:rope":3,"minecraft:mutton":6,"minecraft:sand":17,"minecraft:birch_log":76,"spawnersplus:spawner_fragment":8,"minecraft:armor_stand":1,"minecraft:gravel":3,"minecraft:stone_axe":3,"minecraft:cobbled_deepslate":40,"crabbersdelight:shrimp":2,"minecraft:birch_sapling":17,"minecraft:rotten_flesh":23,"minecraft:oak_planks":37,"biomesoplenty:orange_autumn_sapling":2,"minecraft:birch_fence_gate":1,"patchouli:guide_book":2,"minecraft:poppy":6,"supplementaries:flax_seeds":2,"supplementaries:ash":17,"minecraft:tipped_arrow":16,"minecraft:gunpowder":1,"minecraft:mossy_stone_brick_wall":1,"minecraft:skeleton_skull":1,"minecraft:stone_brick_wall":1,"minecraft:ladder":2,"farmersdelight:rope":33,"minecraft:iron_bars":1,"minecraft:arrow":36,"minecraft:iron_ingot":10,"minecraft:bread":20,"minecraft:wheat_seeds":4,"minecraft:lilac":2,"minecraft:poisonous_potato":1,"minecraft:cobblestone":13,"minecraft:lead":1,"minecraft:copper_ingot":1,"minecraft:cobweb":4,"minecraft:torch":47,"minecraft:dried_kelp":11,"minecraft:string":2,"minecraft:stone_sword":1,"minecraft:tuff":2,"minecraft:raw_iron":8,"minecraft:chicken":8,"minecraft:iron_boots":1,"minecraft:deepslate_bricks":3,"minecraft:diamond_sword":1,"supplementaries:rope_arrow":1,"aether:iron_gloves":1,"minecraft:peony":1,"minecraft:spruce_planks":2,"minecraft:mossy_stone_bricks":7,"minecraft:oak_boat":1,"minecraft:stone_bricks":27,"minecraft:bow":1,"minecraft:magenta_dye":2,"minecraft:cracked_deepslate_bricks":1,"minecraft:calcite":4},"minecraft:picked_up":{"minecraft:iron_chestplate":1,"minecraft:wheat":160,"minecraft:lead":1,"aether:iron_gloves":1,"biomesoplenty:orange_autumn_sapling":4,"biomesoplenty:stripped_redwood_wood":4,"spawnersplus:spawner_fragment":8,"biomesoplenty:rainbow_birch_sapling":5,"minecraft:amethyst_block":50,"minecraft:string":15,"minecraft:raw_copper":14,"minecraft:cooked_salmon":3,"biomesoplenty:yellow_autumn_sapling":1,"minecraft:iron_leggings":1,"minecraft:armor_stand":1,"minecraft:cobbled_deepslate":323,"delightful:acorn":9,"minecraft:spruce_planks":2,"twigs:pebble":8,"minecraft:rose_bush":6,"minecraft:calcite":4,"minecraft:iron_pickaxe":1,"delightful:green_tea_leaf":6,"minecraft:iron_boots":2,"minecraft:furnace":1,"minecraft:tipped_arrow":21,"minecraft:torch":120,"conjurer_illager:throwable_ball":2,"minecraft:porkchop":6,"minecraft:dried_kelp":8,"minecraft:diorite":23,"minecraft:rotten_flesh":29,"supplementaries:antique_ink":7,"supplementaries:ash":41,"minecraft:iron_bars":1,"minecraft:cod":4,"minecraft:cobblestone":187,"minecraft:birch_log":198,"minecraft:cooked_beef":4,"minecraft:feather":9,"minecraft:lilac":2,"farmersdelight:rice":1,"minecraft:iron_door":3,"minecraft:andesite":6,"minecraft:magenta_dye":2,"minecraft:flint":2,"minecraft:tuff":33,"supplementaries:flax_seeds":12,"minecraft:lapis_lazuli":33,"minecraft:dirt":395,"minecraft:bone":20,"minecraft:bow":1,"minecraft:wheat_seeds":396,"minecraft:raw_gold":2,"minecraft:mossy_stone_bricks":7,"twigs:twig":42,"minecraft:oak_planks":3,"biomesoplenty:toadstool":1,"patchouli:guide_book":2,"minecraft:poisonous_potato":1,"minecraft:birch_fence_gate":2,"minecraft:sand":17,"minecraft:ink_sac":1,"minecraft:grass_block":1,"minecraft:dark_oak_log":148,"alexsmobs:animal_dictionary":1,"minecraft:dispenser":1,"minecraft:diamond":11,"minecraft:granite":20,"minecraft:bread":5,"minecraft:emerald":21,"minecraft:oak_sapling":2,"twigs:rhyolite":3,"crabbersdelight:shrimp":2,"minecraft:dark_oak_fence":47,"minecraft:diamond_pickaxe":2,"minecraft:charcoal":13,"minecraft:crafting_table":2,"minecraft:chicken":8,"minecraft:ladder":5,"friendsandfoes:totem_of_illusion":1,"minecraft:stone_brick_wall":1,"minecraft:shield":2,"minecraft:birch_fence":50,"twigs:opaline_seashell":1,"minecraft:cracked_stone_bricks":5,"handcrafted:birch_pillar_trim":1,"minecraft:beef":7,"minecraft:oak_boat":2,"minecraft:poppy":17,"minecraft:sugar_cane":2,"supplementaries:rope":2,"minecraft:birch_sapling":40,"minecraft:egg":30,"minecraft:raw_iron":48,"minecraft:copper_ingot":1,"minecraft:dark_oak_planks":10,"minecraft:arrow":33,"minecraft:peony":1,"minecraft:deepslate_bricks":3,"minecraft:cracked_deepslate_bricks":4,"minecraft:mutton":11,"minecraft:rail":28,"minecraft:skeleton_skull":1,"minecraft:white_wool":31,"minecraft:salmon":18,"minecraft:leather":3,"minecraft:music_disc_stal":1,"minecraft:red_mushroom":1,"minecraft:birch_planks":13,"minecraft:oak_log":50,"minecraft:gunpowder":4,"quark:limestone":1,"minecraft:cooked_mutton":3,"minecraft:apple":3,"minecraft:stone_bricks":50,"minecraft:kelp":312,"minecraft:iron_ingot":24,"minecraft:mossy_stone_brick_wall":1,"minecraft:iron_sword":1,"minecraft:book":123,"minecraft:smooth_basalt":1,"minecraft:dark_oak_slab":9,"minecraft:pumpkin":6,"minecraft:chiseled_stone_bricks":1,"minecraft:gravel":7,"minecraft:amethyst_shard":26,"minecraft:blast_furnace":1,"minecraft:white_bed":1,"minecraft:spider_eye":3,"biomesoplenty:maple_sapling":13,"minecraft:stone_axe":3,"minecraft:iron_helmet":1,"minecraft:black_wool":8,"minecraft:coal":97},"minecraft:broken":{"minecraft:iron_shovel":1,"minecraft:stone_pickaxe":1,"minecraft:iron_axe":1},"minecraft:crafted":{"minecraft:oak_planks":208,"quark:birch_chest":2,"minecraft:cooked_chicken":4,"minecraft:birch_fence_gate":4,"minecraft:stone_hoe":1,"minecraft:crafting_table":6,"minecraft:wooden_pickaxe":1,"minecraft:copper_ingot":41,"minecraft:birch_planks":482,"minecraft:pumpkin_seeds":24,"minecraft:dark_oak_slab":60,"minecraft:birch_fence":96,"minecraft:stick":324,"minecraft:iron_ingot":51,"minecraft:stone_sword":3,"minecraft:gold_ingot":4,"minecraft:shears":1,"minecraft:furnace":4,"minecraft:bone_meal":396,"minecraft:dark_oak_fence":183,"minecraft:iron_axe":2,"minecraft:stone_pickaxe":2,"minecraft:dark_oak_planks":580,"minecraft:red_dye":21,"minecraft:diamond_sword":2,"minecraft:dried_kelp":292,"minecraft:cooked_salmon":6,"minecraft:stone_axe":1,"minecraft:bread":49,"minecraft:air":0,"minecraft:oak_boat":3,"minecraft:iron_shovel":2,"minecraft:white_bed":1,"minecraft:torch":264},"minecraft:killed_by":{"minecraft:creeper":1,"minecraft:zombie":1,"alexsmobs:centipede_head":1,"minecraft:skeleton":6,"alexsmobs:orca":1},"minecraft:killed":{"minecraft:spider":6,"minecraft:cod":5,"minecraft:skeleton":10,"minecraft:chicken":8,"minecraft:illusioner":3,"minecraft:pig":3,"minecraft:salmon":21,"minecraft:sheep":8,"minecraft:pillager":1,"minecraft:zombie":25,"minecraft:cow":3,"minecraft:vindicator":1,"alexsmobs:cockroach":1,"alexsmobs:crow":2}},"DataVersion":3465}