{"stats":{"minecraft:picked_up":{"biomesoplenty:burning_blossom":3,"minecraft:iron_chestplate":1,"minecraft:wheat":249,"illagerinvasion:platinum_chunk":1,"twigs:roseate_seashell":4,"minecraft:lead":1,"minecraft:diamond_sword":5,"aether:iron_gloves":1,"biomesoplenty:orange_autumn_sapling":4,"biomesoplenty:stripped_redwood_wood":4,"minecraft:stone_brick_stairs":1,"friendsandfoes:buttercup":2,"spawnersplus:spawner_fragment":8,"biomesoplenty:blood_bucket":1,"biomesoplenty:rainbow_birch_sapling":6,"minecraft:amethyst_block":50,"minecraft:string":17,"minecraft:raw_copper":39,"minecraft:cooked_salmon":3,"biomesoplenty:yellow_autumn_sapling":1,"minecraft:iron_leggings":1,"minecraft:armor_stand":2,"minecraft:zombie_head":2,"alexsmobs:blood_sac":1,"minecraft:gold_nugget":80,"minecraft:cobbled_deepslate":738,"twigs:pebble":11,"minecraft:spruce_planks":2,"delightful:acorn":9,"minecraft:rose_bush":6,"minecraft:calcite":4,"minecraft:iron_pickaxe":2,"delightful:green_tea_leaf":6,"minecraft:iron_boots":2,"minecraft:furnace":1,"minecraft:tipped_arrow":21,"twigs:silt_ball":4,"chipped:barbed_iron_bars":4,"minecraft:torch":141,"conjurer_illager:throwable_ball":2,"minecraft:porkchop":6,"minecraft:dried_kelp":8,"shieldexp:iron_shield":1,"minecraft:cherry_log":1,"minecraft:pointed_dripstone":2,"minecraft:diorite":62,"cataclysm:amethyst_crab_shell":3,"minecraft:rabbit_foot":1,"minecraft:stone_sword":1,"minecraft:rotten_flesh":45,"supplementaries:antique_ink":8,"cataclysm:amethyst_crab_meat":10,"supplementaries:ash":67,"minecraft:blaze_rod":1,"twigs:tangerine_seashell":8,"minecraft:obsidian":5,"alexsmobs:flying_fish":8,"minecraft:iron_bars":1,"minecraft:cod":12,"minecraft:cobblestone":507,"biomesoplenty:lavender":17,"minecraft:birch_log":198,"minecraft:cooked_beef":4,"minecraft:feather":42,"minecraft:lilac":2,"farmersdelight:rice":1,"minecraft:iron_door":3,"minecraft:andesite":29,"alexsmobs:bison_fur":2,"biomesoplenty:glowshroom":18,"minecraft:potato":7,"minecraft:magenta_dye":2,"minecraft:flint":4,"minecraft:tuff":36,"supplementaries:flax_seeds":19,"minecraft:lapis_lazuli":33,"minecraft:dirt":452,"biomesoplenty:snowblossom_sapling":3,"minecraft:bone":43,"minecraft:bow":2,"minecraft:wheat_seeds":586,"minecraft:raw_gold":9,"minecraft:glowstone_dust":84,"minecraft:rabbit":2,"minecraft:mossy_stone_bricks":9,"minecraft:moss_block":11,"twigs:twig":50,"minecraft:oak_planks":3,"minecraft:mossy_stone_brick_stairs":1,"biomesoplenty:toadstool":1,"patchouli:guide_book":2,"minecraft:poisonous_potato":1,"minecraft:birch_fence_gate":2,"minecraft:sand":17,"minecraft:nether_brick_stairs":1,"minecraft:ink_sac":1,"minecraft:grass_block":2,"minecraft:lily_of_the_valley":6,"minecraft:dark_oak_log":148,"alexsmobs:animal_dictionary":1,"minecraft:dispenser":1,"minecraft:diamond":81,"minecraft:granite":44,"minecraft:bone_meal":33,"minecraft:bread":5,"minecraft:emerald":21,"minecraft:netherrack":229,"minecraft:jack_o_lantern":1,"minecraft:oak_sapling":2,"twigs:rhyolite":8,"crabbersdelight:shrimp":2,"minecraft:dark_oak_fence":47,"minecraft:diamond_pickaxe":5,"minecraft:charcoal":13,"minecraft:crafting_table":2,"minecraft:chicken":38,"minecraft:ladder":5,"minecraft:clay_ball":52,"minecraft:brown_mushroom":14,"friendsandfoes:totem_of_illusion":1,"minecraft:stone_brick_wall":1,"minecraft:shield":4,"minecraft:moss_carpet":1,"minecraft:birch_fence":50,"twigs:opaline_seashell":8,"minecraft:cracked_stone_bricks":5,"handcrafted:birch_pillar_trim":1,"minecraft:beef":30,"minecraft:oak_boat":2,"alexsmobs:elastic_tendon":3,"minecraft:chest":1,"minecraft:poppy":17,"farmersdelight:canvas_rug":1,"minecraft:sugar_cane":15,"supplementaries:rope":2,"minecraft:birch_sapling":40,"aether:iron_pendant":1,"minecraft:egg":58,"minecraft:raw_iron":158,"minecraft:copper_ingot":1,"alexsmobs:straddlite":2,"minecraft:carrot":12,"minecraft:dark_oak_planks":10,"minecraft:arrow":59,"minecraft:peony":1,"minecraft:nether_bricks":6,"minecraft:deepslate_bricks":3,"minecraft:cracked_deepslate_bricks":4,"minecraft:glow_berries":4,"minecraft:mutton":37,"minecraft:rail":28,"minecraft:skeleton_skull":2,"minecraft:white_wool":48,"minecraft:basalt":1,"minecraft:salmon":18,"minecraft:leather":8,"minecraft:carrot_on_a_stick":1,"minecraft:music_disc_stal":2,"minecraft:red_mushroom":7,"minecraft:birch_planks":51,"minecraft:oak_log":53,"minecraft:gunpowder":10,"quark:limestone":1,"biomesoplenty:glowing_moss_carpet":8,"minecraft:cooked_mutton":3,"minecraft:apple":3,"minecraft:stone_bricks":51,"minecraft:kelp":312,"minecraft:rabbit_hide":1,"minecraft:iron_ingot":24,"minecraft:cooked_chicken":2,"minecraft:mossy_stone_brick_wall":1,"minecraft:iron_sword":2,"minecraft:book":123,"minecraft:smooth_basalt":1,"minecraft:dark_oak_slab":9,"minecraft:pumpkin":10,"minecraft:chiseled_stone_bricks":1,"minecraft:quartz":59,"minecraft:gravel":12,"twigs:bronzed_seashell":6,"minecraft:amethyst_shard":26,"minecraft:blast_furnace":1,"minecraft:white_bed":1,"minecraft:nether_brick_slab":1,"biomesoplenty:glowing_moss_block":13,"minecraft:spider_eye":5,"biomesoplenty:maple_sapling":13,"biomesoplenty:bramble":8,"minecraft:stone_axe":3,"minecraft:iron_helmet":2,"minecraft:black_wool":8,"minecraft:coal":146,"minecraft:ender_pearl":1},"minecraft:used":{"minecraft:iron_shovel":506,"minecraft:ladder":2,"minecraft:shield":9,"minecraft:iron_sword":183,"minecraft:iron_chestplate":1,"minecraft:tuff":6,"minecraft:obsidian":1,"minecraft:grass_block":1,"minecraft:iron_helmet":1,"minecraft:dark_oak_slab":67,"minecraft:stone_bricks":1,"minecraft:music_disc_stal":2,"delightful:green_tea_leaf":3,"cataclysm:amethyst_crab_meat":6,"minecraft:bow":31,"minecraft:furnace":5,"minecraft:cooked_cod":2,"minecraft:egg":18,"minecraft:diorite":31,"minecraft:stone_pickaxe":298,"minecraft:oak_planks":4,"minecraft:wooden_pickaxe":2,"minecraft:sugar_cane":2,"minecraft:white_wool":1,"minecraft:golden_apple":1,"biomesoplenty:rainbow_birch_sapling":3,"minecraft:blast_furnace":1,"minecraft:birch_fence":53,"conjurer_illager:throwable_ball":2,"minecraft:birch_fence_gate":5,"minecraft:dark_oak_log":5,"minecraft:bread":54,"minecraft:string":1,"minecraft:iron_door":2,"minecraft:gravel":6,"minecraft:diamond_sword":1178,"minecraft:dark_oak_fence":225,"minecraft:andesite":6,"minecraft:oak_boat":4,"minecraft:bone_meal":612,"delightful:acorn":2,"minecraft:rose_bush":1,"quark:birch_chest":2,"minecraft:stone_sword":135,"minecraft:armor_stand":2,"minecraft:dried_kelp":227,"minecraft:netherrack":166,"minecraft:cooked_salmon":6,"minecraft:stone_hoe":75,"minecraft:cooked_chicken":19,"minecraft:torch":383,"minecraft:dirt":158,"minecraft:granite":1,"minecraft:dark_oak_planks":162,"minecraft:iron_axe":545,"minecraft:smooth_basalt":1,"biomesoplenty:blood_bucket":1,"minecraft:cooked_beef":12,"minecraft:cobbled_deepslate":487,"minecraft:iron_leggings":1,"minecraft:pointed_dripstone":1,"minecraft:wheat_seeds":70,"minecraft:cooked_mutton":8,"minecraft:birch_planks":109,"minecraft:cracked_stone_bricks":1,"minecraft:salmon":9,"minecraft:crafting_table":11,"minecraft:white_bed":2,"minecraft:oak_log":1,"minecraft:apple":10,"minecraft:diamond_pickaxe":2061,"supplementaries:wrench":1,"minecraft:iron_pickaxe":208,"minecraft:stone_axe":125,"minecraft:chiseled_stone_bricks":1,"minecraft:cobblestone":396,"minecraft:porkchop":2,"minecraft:bucket":1,"alexsmobs:animal_dictionary":16,"twigs:pebble":1},"minecraft:killed":{"minecraft:spider":9,"alexsmobs:murmur":1,"minecraft:cod":12,"cataclysm:amethyst_crab":1,"minecraft:skeleton":28,"friendsandfoes:glare":1,"minecraft:chicken":38,"alexsmobs:straddler":3,"minecraft:illusioner":3,"minecraft:pig":3,"minecraft:salmon":21,"alexsmobs:crimson_mosquito":1,"minecraft:creeper":3,"minecraft:sheep":25,"minecraft:pillager":1,"minecraft:zombie":44,"minecraft:blaze":1,"minecraft:cow":11,"minecraft:vindicator":1,"alexsmobs:cosmaw":2,"alexsmobs:bison":1,"minecraft:drowned":1,"alexsmobs:flying_fish":8,"minecraft:rabbit":2,"alexsmobs:cockroach":2,"alexsmobs:crow":2,"minecraft:wither_skeleton":2,"minecraft:enderman":1},"minecraft:broken":{"minecraft:iron_shovel":1,"minecraft:stone_pickaxe":1,"minecraft:iron_axe":1},"minecraft:killed_by":{"minecraft:creeper":2,"quark:forgotten":1,"minecraft:zombie":1,"alexsmobs:centipede_head":1,"minecraft:skeleton":8,"alexsmobs:orca":1},"minecraft:custom":{"minecraft:animals_bred":33,"minecraft:interact_with_crafting_table":76,"goblintraders:trade_with_goblin":18,"minecraft:open_barrel":8,"minecraft:leave_game":7,"minecraft:time_since_death":129876,"minecraft:sprint_one_cm":1537340,"minecraft:damage_blocked_by_shield":465,"minecraft:drop":275,"minecraft:talked_to_villager":7,"minecraft:play_time":645921,"minecraft:deaths":15,"minecraft:jump":9420,"minecraft:walk_on_water_one_cm":86629,"minecraft:enchant_item":6,"minecraft:interact_with_furnace":154,"minecraft:play_record":2,"minecraft:sleep_in_bed":11,"minecraft:damage_dealt":29881,"minecraft:player_kills":2,"minecraft:crouch_one_cm":109275,"minecraft:interact_with_anvil":11,"minecraft:mob_kills":232,"minecraft:climb_one_cm":11768,"minecraft:walk_one_cm":2662954,"minecraft:sneak_time":36185,"minecraft:walk_under_water_one_cm":105397,"minecraft:interact_with_blast_furnace":15,"minecraft:total_world_time":645921,"minecraft:interact_with_grindstone":1,"minecraft:time_since_rest":129904,"minecraft:damage_taken":11343,"minecraft:damage_absorbed":40,"minecraft:swim_one_cm":227535,"minecraft:fly_one_cm":1488018,"minecraft:open_chest":446,"minecraft:fall_one_cm":234545},"minecraft:dropped":{"alexsmobs:straddlite":1,"minecraft:moss_block":8,"minecraft:birch_planks":2,"minecraft:diamond":28,"minecraft:glow_berries":4,"minecraft:mossy_stone_brick_stairs":1,"minecraft:cracked_stone_bricks":4,"farmersdelight:canvas_rug":1,"quark:limestone":1,"minecraft:rail":28,"minecraft:cod":8,"farmersdelight:rice":2,"minecraft:red_mushroom":1,"minecraft:flint":4,"twigs:pebble":10,"minecraft:dirt":214,"supplementaries:rope":3,"alexsmobs:flying_fish":8,"minecraft:mutton":28,"minecraft:jack_o_lantern":1,"minecraft:bone_meal":8,"minecraft:sand":22,"minecraft:iron_pickaxe":2,"minecraft:birch_log":76,"minecraft:white_wool":4,"spawnersplus:spawner_fragment":8,"minecraft:armor_stand":1,"cataclysm:amethyst_crab_shell":3,"minecraft:gravel":6,"minecraft:stone_axe":3,"minecraft:cobbled_deepslate":53,"crabbersdelight:shrimp":2,"minecraft:wheat":4,"minecraft:birch_sapling":17,"minecraft:pointed_dripstone":1,"minecraft:rotten_flesh":30,"minecraft:oak_planks":37,"biomesoplenty:orange_autumn_sapling":2,"biomesoplenty:glowing_moss_block":13,"biomesoplenty:glowing_moss_carpet":8,"minecraft:birch_fence_gate":1,"patchouli:guide_book":2,"supplementaries:antique_ink":1,"minecraft:poppy":6,"supplementaries:flax_seeds":6,"supplementaries:ash":39,"alexsmobs:elastic_tendon":1,"minecraft:tipped_arrow":16,"minecraft:gunpowder":8,"minecraft:mossy_stone_brick_wall":1,"minecraft:skeleton_skull":2,"minecraft:stone_brick_wall":1,"minecraft:ladder":2,"farmersdelight:rope":33,"minecraft:white_dye":33,"minecraft:iron_bars":1,"minecraft:arrow":36,"minecraft:beef":12,"farmersdelight:tomato_seeds":1,"minecraft:iron_ingot":26,"minecraft:bread":24,"cataclysm:amethyst_crab_meat":4,"minecraft:wheat_seeds":28,"minecraft:lilac":2,"minecraft:cherry_log":1,"minecraft:poisonous_potato":1,"biomesoplenty:lavender":17,"minecraft:feather":21,"minecraft:iron_helmet":2,"minecraft:cobblestone":25,"minecraft:lead":1,"minecraft:granite":24,"minecraft:copper_ingot":1,"minecraft:grass_block":1,"minecraft:coal":5,"friendsandfoes:buttercup":2,"minecraft:cobweb":4,"illagerinvasion:platinum_chunk":1,"minecraft:diorite":2,"minecraft:torch":50,"minecraft:rabbit":2,"minecraft:zombie_head":2,"minecraft:iron_leggings":1,"minecraft:dried_kelp":11,"minecraft:pumpkin":4,"biomesoplenty:glowshroom":18,"minecraft:iron_shovel":1,"minecraft:string":4,"twigs:rhyolite":5,"minecraft:moss_carpet":1,"minecraft:stone_sword":2,"minecraft:raw_copper":5,"minecraft:tuff":2,"minecraft:raw_iron":49,"minecraft:chicken":15,"minecraft:iron_boots":2,"minecraft:lily_of_the_valley":6,"minecraft:deepslate_bricks":3,"minecraft:diamond_sword":5,"minecraft:potato":2,"minecraft:shield":3,"supplementaries:rope_arrow":1,"aether:iron_gloves":1,"minecraft:peony":1,"minecraft:spruce_planks":2,"minecraft:diamond_pickaxe":4,"minecraft:iron_chestplate":2,"minecraft:andesite":23,"minecraft:mossy_stone_bricks":9,"minecraft:oak_boat":1,"minecraft:spider_eye":2,"minecraft:stone_bricks":28,"minecraft:bow":1,"minecraft:magenta_dye":2,"minecraft:raw_gold":4,"minecraft:cracked_deepslate_bricks":1,"minecraft:calcite":4},"minecraft:crafted":{"minecraft:oak_planks":220,"quark:birch_chest":2,"minecraft:cooked_chicken":16,"minecraft:quartz_block":16,"minecraft:glass":40,"minecraft:diamond_helmet":1,"minecraft:diamond_leggings":1,"minecraft:birch_fence_gate":4,"minecraft:stone_hoe":1,"minecraft:crafting_table":9,"minecraft:wooden_pickaxe":1,"minecraft:copper_ingot":41,"minecraft:birch_planks":482,"minecraft:pumpkin_seeds":24,"minecraft:dark_oak_slab":60,"minecraft:birch_fence":96,"minecraft:stick":340,"minecraft:iron_pickaxe":1,"minecraft:iron_ingot":74,"minecraft:stone_sword":3,"minecraft:gold_ingot":4,"minecraft:shears":1,"minecraft:furnace":5,"minecraft:bone_meal":618,"minecraft:dark_oak_fence":183,"minecraft:iron_axe":2,"minecraft:stone_pickaxe":2,"minecraft:diamond_boots":1,"minecraft:dark_oak_planks":580,"minecraft:cooked_beef":7,"minecraft:red_dye":21,"minecraft:diamond_sword":2,"minecraft:dried_kelp":292,"minecraft:cooked_salmon":6,"minecraft:stone_axe":1,"minecraft:bread":70,"minecraft:air":0,"minecraft:oak_boat":5,"minecraft:white_dye":33,"minecraft:iron_shovel":2,"minecraft:white_bed":1,"minecraft:torch":348,"minecraft:diamond_chestplate":1},"minecraft:mined":{"minecraft:dark_oak_planks":11,"minecraft:large_amethyst_bud":3,"biomesoplenty:glowshroom":17,"minecraft:spruce_planks":2,"minecraft:white_bed":1,"minecraft:farmland":2,"quark:yellow_blossom_leaves":2,"farmersdelight:canvas_rug":1,"biomesoplenty:burning_blossom":2,"biomesoplenty:bramble":7,"minecraft:obsidian":5,"minecraft:granite":49,"minecraft:cave_vines_plant":10,"minecraft:budding_amethyst":10,"minecraft:stone_brick_wall":1,"minecraft:grass_block":411,"twigs:twig":4,"minecraft:deepslate_bricks":1,"farmersdelight:budding_tomatoes":4,"chipped:barbed_iron_bars":2,"minecraft:chiseled_stone_bricks":2,"biomesoplenty:blackstone_bulb":14,"biomesoplenty:bramble_leaves":1,"minecraft:tall_seagrass":12,"minecraft:glowstone":33,"diagonalfences:minecraft/birch_fence":53,"minecraft:fire":10,"minecraft:iron_ore":85,"minecraft:cobbled_deepslate":19,"biomesoplenty:lavender":22,"minecraft:pumpkin":11,"minecraft:moss_carpet":2,"minecraft:nether_brick_stairs":1,"biomesoplenty:glowshroom_block":12,"minecraft:pointed_dripstone":1,"minecraft:cave_vines":11,"diagonalfences:minecraft/dark_oak_fence":48,"minecraft:small_amethyst_bud":10,"quark:limestone":1,"minecraft:azalea":1,"biomesoplenty:jacaranda_leaves":1,"minecraft:brown_mushroom":5,"biomesoplenty:glowing_moss_carpet":2,"minecraft:kelp_plant":80,"biomesoplenty:glowworm_silk":12,"minecraft:medium_amethyst_bud":5,"biomesoplenty:blackstone_spines":1,"minecraft:amethyst_cluster":3,"minecraft:clay":13,"minecraft:torch":30,"minecraft:blast_furnace":1,"minecraft:calcite":6,"minecraft:poppy":15,"minecraft:chest":1,"farmersdelight:brown_mushroom_colony":2,"minecraft:mushroom_stem":3,"minecraft:nether_quartz_ore":63,"minecraft:cobblestone":28,"friendsandfoes:buttercup":2,"minecraft:oak_planks":3,"minecraft:sugar_cane":7,"minecraft:iron_door":3,"minecraft:wall_torch":28,"minecraft:amethyst_block":58,"minecraft:deepslate_copper_ore":3,"minecraft:seagrass":11,"minecraft:dark_oak_slab":11,"minecraft:mossy_stone_brick_wall":1,"biomesoplenty:glowworm_silk_strand":1,"minecraft:birch_log":195,"minecraft:wheat":51,"biomesoplenty:hair":2,"minecraft:lilac":5,"minecraft:stone_brick_stairs":1,"minecraft:grass":621,"biomesoplenty:clover":8,"minecraft:oak_log":52,"minecraft:sand":11,"minecraft:dirt":59,"twigs:rhyolite":12,"minecraft:smooth_basalt":4,"minecraft:dispenser":1,"minecraft:red_mushroom_block":3,"minecraft:netherrack":251,"minecraft:oak_leaves":3,"minecraft:deepslate":815,"minecraft:nether_gold_ore":21,"biomesoplenty:glowing_moss_block":13,"biomesoplenty:orange_autumn_leaves":3,"minecraft:diamond_ore":8,"minecraft:tuff":42,"minecraft:deepslate_diamond_ore":67,"minecraft:dark_oak_log":179,"minecraft:jack_o_lantern":1,"minecraft:nether_bricks":7,"minecraft:birch_fence_gate":2,"minecraft:ladder":2,"biomesoplenty:bush":1,"farmersdelight:tomatoes":3,"biomesoplenty:dead_grass":2,"minecraft:kelp":25,"minecraft:moss_block":13,"minecraft:red_mushroom":1,"farmersdelight:red_mushroom_colony":1,"minecraft:large_fern":4,"supplementaries:rope":1,"minecraft:furnace":1,"minecraft:andesite":37,"twigs:bronzed_seashell":6,"minecraft:peony":1,"minecraft:mossy_stone_brick_stairs":1,"minecraft:bookshelf":44,"minecraft:potatoes":2,"minecraft:deepslate_iron_ore":48,"minecraft:vine":3,"quark:permafrost":1,"minecraft:stone":505,"twigs:opaline_seashell":8,"minecraft:podzol":2,"twigs:pebble":2,"minecraft:dandelion":1,"minecraft:crafting_table":3,"twigs:roseate_seashell":4,"minecraft:rose_bush":11,"minecraft:copper_ore":6,"minecraft:tall_grass":56,"biomesoplenty:sprout":4,"minecraft:deepslate_gold_ore":1,"minecraft:lapis_ore":2,"biomesoplenty:huge_clover_petal":1,"minecraft:diorite":73,"supplementaries:urn":41,"minecraft:birch_planks":5,"twigs:tangerine_seashell":8,"minecraft:birch_leaves":3,"minecraft:coal_ore":141,"minecraft:gravel":15,"minecraft:cobweb":12,"minecraft:cracked_stone_bricks":3,"minecraft:stone_bricks":24,"minecraft:mossy_stone_bricks":9,"minecraft:gold_ore":7,"minecraft:fern":139}},"DataVersion":3465}