{"stats":{"minecraft:custom":{"minecraft:animals_bred":23,"minecraft:interact_with_crafting_table":64,"goblintraders:trade_with_goblin":18,"minecraft:open_barrel":1,"minecraft:leave_game":5,"minecraft:time_since_death":44273,"minecraft:sprint_one_cm":1137776,"minecraft:damage_blocked_by_shield":465,"minecraft:drop":215,"minecraft:talked_to_villager":7,"minecraft:play_time":495030,"minecraft:deaths":12,"minecraft:jump":6575,"minecraft:walk_on_water_one_cm":67763,"minecraft:enchant_item":2,"minecraft:interact_with_furnace":141,"minecraft:play_record":1,"minecraft:sleep_in_bed":11,"minecraft:damage_dealt":19348,"minecraft:player_kills":1,"minecraft:crouch_one_cm":69559,"minecraft:interact_with_anvil":8,"minecraft:mob_kills":156,"minecraft:climb_one_cm":8441,"minecraft:walk_one_cm":2109515,"minecraft:sneak_time":25347,"minecraft:walk_under_water_one_cm":72492,"minecraft:interact_with_blast_furnace":13,"minecraft:total_world_time":495030,"minecraft:time_since_rest":44316,"minecraft:damage_taken":8270,"minecraft:damage_absorbed":40,"minecraft:swim_one_cm":159899,"minecraft:fly_one_cm":955899,"minecraft:open_chest":304,"minecraft:fall_one_cm":148647},"minecraft:broken":{"minecraft:iron_shovel":1,"minecraft:stone_pickaxe":1,"minecraft:iron_axe":1},"minecraft:picked_up":{"minecraft:iron_chestplate":1,"minecraft:wheat":169,"illagerinvasion:platinum_chunk":1,"minecraft:diamond_sword":2,"minecraft:lead":1,"aether:iron_gloves":1,"biomesoplenty:orange_autumn_sapling":4,"biomesoplenty:stripped_redwood_wood":4,"friendsandfoes:buttercup":2,"spawnersplus:spawner_fragment":8,"biomesoplenty:rainbow_birch_sapling":6,"minecraft:amethyst_block":50,"minecraft:string":17,"minecraft:raw_copper":23,"minecraft:cooked_salmon":3,"biomesoplenty:yellow_autumn_sapling":1,"minecraft:iron_leggings":1,"minecraft:armor_stand":2,"minecraft:cobbled_deepslate":540,"twigs:pebble":10,"minecraft:spruce_planks":2,"delightful:acorn":9,"minecraft:rose_bush":6,"minecraft:calcite":4,"minecraft:iron_pickaxe":1,"delightful:green_tea_leaf":6,"minecraft:iron_boots":2,"minecraft:furnace":1,"minecraft:tipped_arrow":21,"chipped:barbed_iron_bars":4,"minecraft:torch":123,"conjurer_illager:throwable_ball":2,"minecraft:porkchop":6,"minecraft:dried_kelp":8,"minecraft:cherry_log":1,"minecraft:pointed_dripstone":2,"minecraft:diorite":62,"minecraft:rotten_flesh":35,"supplementaries:antique_ink":8,"supplementaries:ash":51,"minecraft:obsidian":5,"minecraft:iron_bars":1,"minecraft:cod":4,"minecraft:cobblestone":368,"minecraft:birch_log":198,"minecraft:cooked_beef":4,"minecraft:feather":32,"minecraft:lilac":2,"farmersdelight:rice":1,"minecraft:iron_door":3,"minecraft:andesite":29,"minecraft:potato":2,"minecraft:magenta_dye":2,"minecraft:flint":3,"minecraft:tuff":36,"supplementaries:flax_seeds":12,"minecraft:lapis_lazuli":33,"minecraft:dirt":436,"biomesoplenty:snowblossom_sapling":3,"minecraft:bone":29,"minecraft:bow":2,"minecraft:wheat_seeds":430,"minecraft:raw_gold":5,"minecraft:mossy_stone_bricks":7,"minecraft:moss_block":4,"twigs:twig":50,"minecraft:oak_planks":3,"minecraft:mossy_stone_brick_stairs":1,"biomesoplenty:toadstool":1,"patchouli:guide_book":2,"minecraft:poisonous_potato":1,"minecraft:birch_fence_gate":2,"minecraft:sand":17,"minecraft:ink_sac":1,"minecraft:grass_block":1,"minecraft:lily_of_the_valley":6,"minecraft:dark_oak_log":148,"alexsmobs:animal_dictionary":1,"minecraft:dispenser":1,"minecraft:diamond":65,"minecraft:bone_meal":33,"minecraft:granite":29,"minecraft:bread":5,"minecraft:emerald":21,"minecraft:jack_o_lantern":1,"minecraft:oak_sapling":2,"twigs:rhyolite":6,"crabbersdelight:shrimp":2,"minecraft:dark_oak_fence":47,"minecraft:diamond_pickaxe":5,"minecraft:charcoal":13,"minecraft:crafting_table":2,"minecraft:clay_ball":52,"minecraft:chicken":31,"minecraft:ladder":5,"minecraft:brown_mushroom":14,"friendsandfoes:totem_of_illusion":1,"minecraft:stone_brick_wall":1,"minecraft:shield":2,"minecraft:birch_fence":50,"twigs:opaline_seashell":1,"minecraft:cracked_stone_bricks":5,"handcrafted:birch_pillar_trim":1,"minecraft:beef":14,"minecraft:oak_boat":2,"minecraft:poppy":17,"farmersdelight:canvas_rug":1,"minecraft:sugar_cane":2,"supplementaries:rope":2,"minecraft:birch_sapling":40,"minecraft:egg":48,"minecraft:raw_iron":130,"minecraft:copper_ingot":1,"minecraft:dark_oak_planks":10,"minecraft:arrow":45,"minecraft:peony":1,"minecraft:deepslate_bricks":3,"minecraft:cracked_deepslate_bricks":4,"minecraft:glow_berries":4,"minecraft:mutton":17,"minecraft:rail":28,"minecraft:skeleton_skull":2,"minecraft:white_wool":35,"minecraft:salmon":18,"minecraft:leather":5,"minecraft:music_disc_stal":1,"minecraft:red_mushroom":7,"minecraft:birch_planks":51,"minecraft:oak_log":50,"minecraft:gunpowder":6,"quark:limestone":1,"minecraft:cooked_mutton":3,"minecraft:apple":3,"minecraft:stone_bricks":50,"minecraft:kelp":312,"minecraft:iron_ingot":24,"minecraft:cooked_chicken":2,"minecraft:mossy_stone_brick_wall":1,"minecraft:iron_sword":2,"minecraft:book":123,"minecraft:smooth_basalt":1,"minecraft:dark_oak_slab":9,"minecraft:pumpkin":10,"minecraft:chiseled_stone_bricks":1,"minecraft:gravel":10,"minecraft:amethyst_shard":26,"minecraft:blast_furnace":1,"minecraft:white_bed":1,"minecraft:spider_eye":4,"biomesoplenty:maple_sapling":13,"minecraft:stone_axe":3,"minecraft:iron_helmet":2,"minecraft:black_wool":8,"minecraft:coal":103},"minecraft:mined":{"minecraft:dark_oak_planks":11,"minecraft:large_amethyst_bud":3,"minecraft:spruce_planks":2,"minecraft:white_bed":1,"minecraft:farmland":2,"farmersdelight:canvas_rug":1,"minecraft:obsidian":5,"minecraft:cave_vines_plant":10,"minecraft:granite":34,"minecraft:budding_amethyst":10,"minecraft:grass_block":411,"minecraft:stone_brick_wall":1,"twigs:twig":4,"minecraft:deepslate_bricks":1,"chipped:barbed_iron_bars":2,"minecraft:chiseled_stone_bricks":2,"minecraft:tall_seagrass":12,"diagonalfences:minecraft/birch_fence":53,"minecraft:iron_ore":67,"minecraft:cobbled_deepslate":9,"minecraft:pumpkin":11,"minecraft:moss_carpet":1,"minecraft:pointed_dripstone":1,"minecraft:cave_vines":8,"diagonalfences:minecraft/dark_oak_fence":48,"minecraft:small_amethyst_bud":10,"quark:limestone":1,"biomesoplenty:jacaranda_leaves":1,"minecraft:brown_mushroom":5,"biomesoplenty:glowworm_silk":3,"minecraft:kelp_plant":80,"minecraft:medium_amethyst_bud":5,"minecraft:amethyst_cluster":3,"minecraft:clay":13,"minecraft:torch":24,"minecraft:blast_furnace":1,"minecraft:calcite":6,"minecraft:poppy":15,"farmersdelight:brown_mushroom_colony":2,"minecraft:cobblestone":12,"friendsandfoes:buttercup":2,"minecraft:oak_planks":3,"minecraft:sugar_cane":1,"minecraft:iron_door":3,"minecraft:wall_torch":23,"minecraft:amethyst_block":58,"minecraft:deepslate_copper_ore":3,"minecraft:seagrass":11,"minecraft:dark_oak_slab":11,"minecraft:mossy_stone_brick_wall":1,"minecraft:birch_log":195,"minecraft:wheat":17,"minecraft:lilac":5,"minecraft:grass":600,"biomesoplenty:clover":8,"minecraft:oak_log":49,"minecraft:sand":11,"minecraft:dirt":44,"minecraft:smooth_basalt":4,"twigs:rhyolite":10,"minecraft:dispenser":1,"minecraft:red_mushroom_block":3,"minecraft:oak_leaves":3,"minecraft:deepslate":587,"biomesoplenty:orange_autumn_leaves":3,"minecraft:diamond_ore":8,"minecraft:tuff":42,"minecraft:deepslate_diamond_ore":50,"minecraft:dark_oak_log":179,"minecraft:jack_o_lantern":1,"minecraft:birch_fence_gate":2,"minecraft:ladder":2,"biomesoplenty:bush":1,"minecraft:moss_block":6,"minecraft:kelp":25,"minecraft:red_mushroom":1,"farmersdelight:red_mushroom_colony":1,"minecraft:large_fern":4,"supplementaries:rope":1,"minecraft:furnace":1,"minecraft:andesite":37,"minecraft:peony":1,"minecraft:mossy_stone_brick_stairs":1,"minecraft:bookshelf":44,"minecraft:potatoes":2,"minecraft:deepslate_iron_ore":42,"minecraft:vine":3,"quark:permafrost":1,"minecraft:stone":363,"twigs:opaline_seashell":1,"minecraft:podzol":1,"twigs:pebble":2,"minecraft:dandelion":1,"minecraft:crafting_table":3,"minecraft:rose_bush":11,"minecraft:copper_ore":2,"minecraft:tall_grass":56,"minecraft:lapis_ore":2,"minecraft:deepslate_gold_ore":1,"biomesoplenty:huge_clover_petal":1,"minecraft:diorite":64,"supplementaries:urn":27,"minecraft:birch_planks":5,"minecraft:birch_leaves":3,"minecraft:coal_ore":98,"minecraft:gravel":12,"minecraft:cobweb":12,"minecraft:cracked_stone_bricks":3,"minecraft:stone_bricks":23,"minecraft:mossy_stone_bricks":8,"minecraft:gold_ore":3,"minecraft:fern":136},"minecraft:used":{"minecraft:iron_shovel":506,"minecraft:ladder":2,"minecraft:shield":9,"minecraft:iron_sword":183,"minecraft:iron_chestplate":1,"minecraft:tuff":6,"minecraft:obsidian":1,"minecraft:grass_block":1,"minecraft:iron_helmet":1,"minecraft:dark_oak_slab":67,"minecraft:stone_bricks":1,"minecraft:music_disc_stal":1,"delightful:green_tea_leaf":3,"minecraft:bow":9,"minecraft:furnace":5,"minecraft:egg":4,"minecraft:diorite":31,"minecraft:stone_pickaxe":298,"minecraft:oak_planks":4,"minecraft:wooden_pickaxe":2,"minecraft:sugar_cane":2,"minecraft:golden_apple":1,"biomesoplenty:rainbow_birch_sapling":3,"minecraft:blast_furnace":1,"minecraft:birch_fence":53,"conjurer_illager:throwable_ball":2,"minecraft:birch_fence_gate":5,"minecraft:dark_oak_log":5,"minecraft:bread":37,"minecraft:string":1,"minecraft:iron_door":2,"minecraft:gravel":4,"minecraft:diamond_sword":858,"minecraft:dark_oak_fence":225,"minecraft:andesite":6,"minecraft:oak_boat":3,"minecraft:bone_meal":408,"delightful:acorn":2,"minecraft:rose_bush":1,"quark:birch_chest":2,"minecraft:stone_sword":135,"minecraft:armor_stand":2,"minecraft:dried_kelp":227,"minecraft:cooked_salmon":6,"minecraft:stone_hoe":75,"minecraft:cooked_chicken":12,"minecraft:torch":293,"minecraft:dirt":157,"minecraft:granite":1,"minecraft:dark_oak_planks":162,"minecraft:iron_axe":545,"minecraft:smooth_basalt":1,"minecraft:cooked_beef":5,"minecraft:cobbled_deepslate":289,"minecraft:iron_leggings":1,"minecraft:pointed_dripstone":1,"minecraft:wheat_seeds":70,"minecraft:cooked_mutton":3,"minecraft:birch_planks":109,"minecraft:cracked_stone_bricks":1,"minecraft:salmon":9,"minecraft:crafting_table":10,"minecraft:white_bed":2,"minecraft:oak_log":1,"minecraft:diamond_pickaxe":1162,"minecraft:apple":10,"supplementaries:wrench":1,"minecraft:iron_pickaxe":155,"minecraft:stone_axe":125,"minecraft:chiseled_stone_bricks":1,"minecraft:cobblestone":191,"minecraft:porkchop":2,"alexsmobs:animal_dictionary":16,"twigs:pebble":1},"minecraft:killed_by":{"minecraft:creeper":2,"minecraft:zombie":1,"alexsmobs:centipede_head":1,"minecraft:skeleton":6,"alexsmobs:orca":1},"minecraft:killed":{"minecraft:spider":9,"minecraft:cod":5,"minecraft:skeleton":20,"friendsandfoes:glare":1,"minecraft:chicken":31,"minecraft:illusioner":3,"minecraft:pig":3,"minecraft:salmon":21,"minecraft:sheep":12,"minecraft:pillager":1,"minecraft:zombie":32,"minecraft:cow":6,"minecraft:vindicator":1,"alexsmobs:cosmaw":2,"minecraft:drowned":1,"alexsmobs:cockroach":2,"alexsmobs:crow":2},"minecraft:dropped":{"minecraft:moss_block":1,"minecraft:birch_planks":2,"minecraft:diamond":12,"minecraft:mossy_stone_brick_stairs":1,"farmersdelight:canvas_rug":1,"minecraft:cracked_stone_bricks":4,"quark:limestone":1,"minecraft:rail":28,"farmersdelight:rice":2,"minecraft:red_mushroom":1,"minecraft:flint":3,"twigs:pebble":9,"minecraft:dirt":194,"supplementaries:rope":3,"minecraft:mutton":8,"minecraft:jack_o_lantern":1,"minecraft:bone_meal":8,"minecraft:sand":17,"minecraft:birch_log":76,"minecraft:white_wool":2,"spawnersplus:spawner_fragment":8,"minecraft:armor_stand":1,"minecraft:gravel":3,"minecraft:stone_axe":3,"minecraft:cobbled_deepslate":53,"crabbersdelight:shrimp":2,"minecraft:wheat":4,"minecraft:birch_sapling":17,"minecraft:pointed_dripstone":1,"minecraft:rotten_flesh":26,"minecraft:oak_planks":37,"biomesoplenty:orange_autumn_sapling":2,"minecraft:birch_fence_gate":1,"patchouli:guide_book":2,"supplementaries:antique_ink":1,"minecraft:poppy":6,"supplementaries:flax_seeds":2,"supplementaries:ash":23,"minecraft:tipped_arrow":16,"minecraft:gunpowder":3,"minecraft:mossy_stone_brick_wall":1,"minecraft:skeleton_skull":2,"minecraft:stone_brick_wall":1,"minecraft:ladder":2,"farmersdelight:rope":33,"minecraft:white_dye":33,"minecraft:iron_bars":1,"minecraft:arrow":36,"farmersdelight:tomato_seeds":1,"minecraft:iron_ingot":26,"minecraft:bread":24,"minecraft:wheat_seeds":28,"minecraft:lilac":2,"minecraft:poisonous_potato":1,"minecraft:feather":21,"minecraft:iron_helmet":2,"minecraft:cobblestone":13,"minecraft:lead":1,"minecraft:copper_ingot":1,"friendsandfoes:buttercup":2,"minecraft:cobweb":4,"illagerinvasion:platinum_chunk":1,"minecraft:diorite":2,"minecraft:torch":50,"minecraft:iron_leggings":1,"minecraft:dried_kelp":11,"minecraft:pumpkin":4,"minecraft:string":4,"twigs:rhyolite":3,"minecraft:stone_sword":1,"minecraft:tuff":2,"minecraft:raw_iron":24,"minecraft:chicken":11,"minecraft:iron_boots":2,"minecraft:lily_of_the_valley":6,"minecraft:deepslate_bricks":3,"minecraft:diamond_sword":3,"minecraft:potato":2,"supplementaries:rope_arrow":1,"aether:iron_gloves":1,"minecraft:peony":1,"minecraft:spruce_planks":2,"minecraft:diamond_pickaxe":3,"minecraft:iron_chestplate":2,"minecraft:andesite":23,"minecraft:mossy_stone_bricks":7,"minecraft:oak_boat":1,"minecraft:stone_bricks":27,"minecraft:bow":1,"minecraft:magenta_dye":2,"minecraft:cracked_deepslate_bricks":1,"minecraft:calcite":4},"minecraft:crafted":{"minecraft:oak_planks":208,"quark:birch_chest":2,"minecraft:cooked_chicken":16,"minecraft:glass":9,"minecraft:diamond_helmet":1,"minecraft:diamond_leggings":1,"minecraft:birch_fence_gate":4,"minecraft:stone_hoe":1,"minecraft:crafting_table":8,"minecraft:wooden_pickaxe":1,"minecraft:copper_ingot":41,"minecraft:birch_planks":482,"minecraft:pumpkin_seeds":24,"minecraft:dark_oak_slab":60,"minecraft:birch_fence":96,"minecraft:stick":324,"minecraft:iron_ingot":74,"minecraft:stone_sword":3,"minecraft:gold_ingot":4,"minecraft:shears":1,"minecraft:furnace":5,"minecraft:bone_meal":414,"minecraft:dark_oak_fence":183,"minecraft:iron_axe":2,"minecraft:stone_pickaxe":2,"minecraft:diamond_boots":1,"minecraft:dark_oak_planks":580,"minecraft:cooked_beef":1,"minecraft:red_dye":21,"minecraft:diamond_sword":2,"minecraft:dried_kelp":292,"minecraft:cooked_salmon":6,"minecraft:stone_axe":1,"minecraft:bread":49,"minecraft:air":0,"minecraft:oak_boat":3,"minecraft:white_dye":33,"minecraft:iron_shovel":2,"minecraft:white_bed":1,"minecraft:torch":264,"minecraft:diamond_chestplate":1}},"DataVersion":3465}