{"stats":{"minecraft:picked_up":{"minecraft:diamond_sword":4,"minecraft:lead":3,"minecraft:enchanted_book":1,"friendsandfoes:buttercup":8,"minecraft:brewing_stand":1,"spawnersplus:spawner_fragment":4,"minecraft:amethyst_block":8,"farmersdelight:cutting_board":1,"minecraft:string":36,"biomesoplenty:yellow_autumn_sapling":10,"minecraft:cobbled_deepslate":398,"minecraft:gold_nugget":13,"minecraft:spruce_planks":1,"biomesoplenty:redwood_wood":1,"chipped:barbed_iron_bars":1,"quark:blossom_log":1,"minecraft:cherry_log":17,"shieldexp:iron_shield":1,"cataclysm:amethyst_crab_shell":6,"minecraft:golden_chestplate":1,"minecraft:cauldron":1,"quark:clear_shard":10,"minecraft:tropical_fish":1,"alexsmobs:flying_fish_boots":1,"farmersdelight:rope":33,"supplementaries:ash":22,"villagersplus:alchemist_table":1,"minecraft:iron_bars":1,"alexsmobs:flying_fish":7,"minecraft:birch_log":384,"minecraft:magma_block":1,"minecraft:cooked_beef":2,"minecraft:iron_door":5,"minecraft:birch_slab":2,"minecraft:lantern":2,"biomesoplenty:snowblossom_sapling":10,"minecraft:rabbit":1,"minecraft:glowstone_dust":4,"minecraft:moss_block":2,"patchouli:guide_book":3,"minecraft:dark_oak_log":110,"alexsmobs:animal_dictionary":1,"minecraft:barrel":1,"minecraft:dispenser":2,"cataclysm:mech_eye":4,"minecraft:granite":15,"minecraft:bread":20,"alexsmobs:maggot":1,"twigs:rhyolite":10,"minecraft:dark_oak_fence":1,"minecraft:diamond_pickaxe":4,"biomesoplenty:redwood_log":2,"minecraft:crafting_table":3,"minecraft:clay_ball":36,"friendsandfoes:totem_of_illusion":3,"minecraft:heavy_weighted_pressure_plate":5,"minecraft:red_bed":10,"minecraft:cracked_stone_bricks":3,"handcrafted:birch_pillar_trim":1,"minecraft:beef":4,"quark:permafrost":1,"minecraft:iron_nugget":17,"minecraft:poppy":6,"supplementaries:rope":25,"minecraft:birch_sapling":72,"aether:iron_pendant":1,"minecraft:egg":6,"chipped:mason_table":1,"minecraft:oak_door":2,"farmersdelight:tomato_seeds":11,"minecraft:redstone":136,"minecraft:diamond_chestplate":1,"biomesoplenty:jacaranda_log":1,"minecraft:peony":10,"minecraft:deepslate_bricks":2,"minecraft:cracked_deepslate_bricks":1,"minecraft:glow_berries":7,"minecraft:mutton":8,"minecraft:rail":57,"minecraft:red_mushroom":14,"minecraft:filled_map":1,"supplementaries:rope_arrow":2,"minecraft:oak_log":33,"quark:limestone":1,"minecraft:blue_bed":1,"biomesoplenty:glowing_moss_carpet":8,"minecraft:stone_bricks":28,"bountiful:bounty":1,"minecraft:apple":4,"minecraft:kelp":220,"minecraft:stone_pickaxe":2,"minecraft:cobweb":5,"minecraft:gray_bed":1,"minecraft:iron_sword":1,"minecraft:smooth_basalt":3,"minecraft:sweet_berries":3,"minecraft:red_wool":1,"minecraft:gravel":14,"delightful:salmonberries":3,"minecraft:spruce_log":4,"minecraft:crying_obsidian":3,"minecraft:diamond_shovel":1,"biomesoplenty:maple_sapling":4,"minecraft:purple_bed":1,"minecraft:stone_axe":4,"minecraft:ender_pearl":7,"biomesoplenty:burning_blossom":2,"illagerinvasion:platinum_chunk":2,"aether:iron_gloves":3,"biomesoplenty:stripped_redwood_wood":4,"minecraft:raw_copper":128,"aether:diamond_gloves":2,"minecraft:armor_stand":3,"minecraft:iron_leggings":3,"minecraft:zombie_head":2,"minecraft:bucket":1,"delightful:acorn":2,"twigs:pebble":12,"minecraft:rose_bush":4,"minecraft:calcite":4,"minecraft:azalea":1,"bygonenether:soul_stone":26,"delightful:green_tea_leaf":8,"minecraft:iron_boots":2,"minecraft:tipped_arrow":49,"minecraft:stick":1,"twigs:silt_ball":4,"minecraft:torch":158,"minecraft:spruce_stairs":1,"conjurer_illager:throwable_ball":1,"minecraft:porkchop":4,"minecraft:dried_kelp":11,"minecraft:diorite":15,"minecraft:rotten_flesh":119,"supplementaries:antique_ink":6,"cataclysm:amethyst_crab_meat":13,"minecraft:obsidian":14,"twigs:tangerine_seashell":2,"minecraft:cod":4,"minecraft:cobblestone":531,"minecraft:lilac":3,"minecraft:andesite":28,"biomesoplenty:glowshroom":18,"minecraft:magenta_dye":3,"minecraft:tuff":59,"supplementaries:flax_seeds":19,"minecraft:lapis_lazuli":115,"minecraft:stripped_birch_log":1,"minecraft:dirt":484,"minecraft:bone":23,"minecraft:bow":2,"minecraft:wheat_seeds":132,"minecraft:raw_gold":20,"minecraft:grindstone":1,"minecraft:mossy_stone_bricks":7,"twigs:twig":92,"minecraft:oak_planks":75,"minecraft:mossy_stone_brick_stairs":2,"biomesoplenty:toadstool":40,"minecraft:sand":67,"minecraft:grass_block":2,"minecraft:lily_of_the_valley":6,"minecraft:mossy_cobblestone":1,"minecraft:diamond":39,"minecraft:emerald":6,"minecraft:oak_sapling":8,"minecraft:netherrack":52,"minecraft:charcoal":2,"minecraft:splash_potion":1,"minecraft:chicken":8,"minecraft:ladder":1,"minecraft:brown_mushroom":1,"minecraft:chain":4,"minecraft:shield":1,"minecraft:moss_carpet":6,"minecraft:iron_axe":1,"minecraft:oak_boat":4,"alexsmobs:elastic_tendon":1,"minecraft:dark_oak_sapling":8,"minecraft:raw_iron":66,"minecraft:bowl":4,"quark:birch_chest":4,"minecraft:dark_oak_planks":5,"minecraft:arrow":148,"minecraft:nether_bricks":2,"minecraft:saddle":1,"minecraft:black_banner":4,"minecraft:skeleton_skull":1,"minecraft:basalt":1,"minecraft:glow_ink_sac":2,"minecraft:salmon":3,"minecraft:carrot_on_a_stick":2,"minecraft:music_disc_stal":2,"minecraft:birch_planks":243,"minecraft:mushroom_stew":3,"minecraft:gunpowder":38,"minecraft:cooked_mutton":3,"minecraft:rabbit_hide":1,"minecraft:iron_ingot":3,"minecraft:book":45,"twilightforest:charm_of_life_1":1,"biomesoplenty:blackstone_bulb":2,"minecraft:chiseled_stone_bricks":1,"minecraft:quartz":32,"waystones:mossy_waystone":1,"minecraft:lava_bucket":1,"minecraft:amethyst_shard":16,"minecraft:blast_furnace":1,"minecraft:white_bed":7,"minecraft:nether_brick_slab":4,"biomesoplenty:glowing_moss_block":13,"minecraft:spider_eye":21,"biomesoplenty:bramble":11,"minecraft:iron_helmet":3,"quark:gray_shard":2,"minecraft:damaged_anvil":2,"minecraft:black_wool":1,"minecraft:coal":107},"minecraft:used":{"minecraft:jack_o_lantern":1,"twilightforest:lower_goblin_knight_spawn_egg":2,"crabbersdelight:cooked_tropical_fish":1,"minecraft:poppy":1,"minecraft:ladder":2,"minecraft:stone":404,"minecraft:rotten_flesh":15,"minecraft:lava_bucket":6,"friendsandfoes:totem_of_illusion":2,"minecraft:grass_block":955,"minecraft:music_disc_stal":4,"delightful:green_tea_leaf":5,"supplementaries:bomb_blue":1,"cataclysm:amethyst_crab_meat":13,"minecraft:bow":143,"minecraft:sweet_berries":17,"minecraft:furnace":2,"minecraft:cooked_cod":2,"minecraft:egg":3,"quark:permafrost":115,"friendsandfoes:buttercup":31,"minecraft:mossy_stone_bricks":5,"minecraft:damaged_anvil":2,"cataclysm:mech_eye":24,"minecraft:wooden_pickaxe":41,"minecraft:mossy_stone_brick_stairs":5,"villagersplus:alchemist_table":2,"minecraft:golden_apple":3,"minecraft:glow_berries":4,"minecraft:blast_furnace":2,"minecraft:blue_ice":8,"minecraft:lightning_rod":1,"minecraft:birch_fence":4,"minecraft:crying_obsidian":4,"minecraft:zombie_head":1,"minecraft:birch_slab":1,"alexsmobs:spawn_egg_cosmaw":3,"minecraft:stone_button":4,"minecraft:oak_pressure_plate":2,"minecraft:diamond_sword":258,"minecraft:dark_oak_fence":78,"minecraft:birch_log":241,"minecraft:ice":182,"minecraft:oak_boat":2,"minecraft:enchanting_table":1,"minecraft:stone_sword":152,"minecraft:carved_pumpkin":2,"minecraft:armor_stand":4,"minecraft:cooked_salmon":2,"minecraft:netherrack":8,"minecraft:stick":2,"minecraft:torch":437,"minecraft:brewing_stand":1,"farmersdelight:flint_knife":1,"biomesoplenty:snowblossom_sapling":7,"minecraft:oak_fence_gate":4,"minecraft:sea_lantern":18,"minecraft:iron_block":4,"minecraft:iron_axe":924,"minecraft:basalt":1,"alexsmobs:spawn_egg_froststalker":1,"minecraft:podzol":1,"twilightforest:ice_crystal_spawn_egg":4,"minecraft:cobbled_deepslate":142,"minecraft:wheat_seeds":1,"minecraft:water_bucket":6,"minecraft:birch_planks":942,"alexsmobs:spawn_egg_tiger":2,"betterend:dense_snow":22,"minecraft:cauldron":1,"delightful:salmonberries":3,"minecraft:rail":1,"minecraft:crafting_table":6,"minecraft:red_bed":9,"minecraft:white_bed":4,"minecraft:cod":1,"aether:skyroot_powder_snow_bucket":1,"minecraft:diamond_pickaxe":947,"minecraft:diamond_shovel":161,"minecraft:stripped_jungle_log":10,"minecraft:iron_pickaxe":237,"quark:dark_oak_chest":2,"minecraft:cobblestone":157,"minecraft:purple_bed":1,"minecraft:cooked_porkchop":4,"quark:oak_chest":3,"minecraft:stripped_oak_log":2,"minecraft:jukebox":1,"minecraft:iron_shovel":270,"minecraft:shield":7,"minecraft:iron_sword":61,"minecraft:iron_chestplate":1,"minecraft:tuff":4,"minecraft:axolotl_bucket":3,"minecraft:obsidian":35,"minecraft:glass":26,"minecraft:lantern":1,"minecraft:stone_bricks":5,"farmersdelight:cutting_board":1,"quark:birch_bookshelf":17,"minecraft:gray_bed":1,"minecraft:skeleton_skull":1,"minecraft:stone_pickaxe":203,"minecraft:oak_planks":211,"minecraft:blue_bed":1,"minecraft:infested_chiseled_stone_bricks":24,"minecraft:mushroom_stew":3,"minecraft:black_banner":2,"waystones:waystone":1,"conjurer_illager:throwable_ball":2,"minecraft:dark_oak_log":3,"minecraft:heavy_weighted_pressure_plate":15,"minecraft:bread":37,"minecraft:string":3,"minecraft:iron_door":4,"minecraft:grindstone":1,"twilightforest:stable_ice_core_spawn_egg":1,"minecraft:cooked_rabbit":7,"friendsandfoes:copper_button":1,"minecraft:bone_meal":2,"minecraft:oak_fence":29,"minecraft:netherite_sword":9,"quark:birch_chest":8,"minecraft:flint_and_steel":1,"minecraft:dried_kelp":171,"minecraft:spruce_planks":4,"minecraft:cooked_chicken":8,"twilightforest:deadrock":49,"minecraft:dirt":32,"cataclysm:amethyst_crab_spawn_egg":1,"minecraft:spruce_stairs":9,"biomesoplenty:redwood_log":1,"minecraft:dark_oak_planks":136,"quark:permafrost_stairs":88,"minecraft:oak_stairs":8,"minecraft:iron_boots":2,"chipped:barbed_iron_bars":34,"twigs:tangerine_seashell":2,"minecraft:cooked_beef":9,"minecraft:powder_snow_bucket":65,"minecraft:pumpkin":1,"minecraft:iron_leggings":1,"biomesoplenty:burning_blossom":1,"minecraft:cooked_mutton":12,"minecraft:snow_block":166,"minecraft:glass_bottle":6,"twilightforest:unstable_ice_core_spawn_egg":1,"minecraft:rabbit_spawn_egg":10,"chipped:mason_table":2,"minecraft:magenta_bed":1,"blue_skies:artificial_golem_spawn_egg":3,"minecraft:painting":2,"minecraft:apple":4,"waystones:mossy_waystone":2,"minecraft:stone_axe":90,"twigs:twig":2,"minecraft:white_banner":1,"minecraft:bucket":10,"alexsmobs:animal_dictionary":1,"minecraft:splash_potion":1},"minecraft:killed":{"illagerinvasion:archivist":1,"minecraft:cave_spider":1,"minecraft:cod":5,"minecraft:skeleton":13,"alexsmobs:straddler":3,"minecraft:salmon":4,"minecraft:pillager":4,"minecraft:zombie":32,"minecraft:cow":2,"alexsmobs:raccoon":1,"minecraft:vindicator":2,"minecraft:rabbit":1,"minecraft:enderman":4,"minecraft:spider":6,"alexsmobs:froststalker":1,"cataclysm:amethyst_crab":1,"minecraft:pig":2,"minecraft:creeper":6,"minecraft:sheep":1,"alexsmobs:fly":1,"minecraft:phantom":1,"minecraft:drowned":1,"alexsmobs:flying_fish":7,"alexsmobs:crow":1,"minecraft:wither_skeleton":4,"minecraft:player":2},"minecraft:broken":{"minecraft:wooden_pickaxe":1,"minecraft:iron_axe":2,"minecraft:iron_shovel":1,"minecraft:stone_pickaxe":1},"minecraft:killed_by":{"minecraft:zombie":3,"quark:forgotten":1,"minecraft:player":3,"minecraft:enderman":3,"minecraft:skeleton":5},"minecraft:custom":{"minecraft:interact_with_crafting_table":75,"goblintraders:trade_with_goblin":12,"minecraft:open_barrel":10,"minecraft:leave_game":8,"minecraft:time_since_death":4752,"minecraft:damage_blocked_by_shield":675,"minecraft:play_time":838253,"minecraft:deaths":18,"minecraft:jump":6418,"minecraft:enchant_item":3,"minecraft:interact_with_furnace":181,"minecraft:play_record":4,"minecraft:traded_with_villager":1,"minecraft:sleep_in_bed":13,"minecraft:waystone_activated":7,"minecraft:damage_dealt":16374,"minecraft:interact_with_anvil":13,"minecraft:sneak_time":17548,"minecraft:interact_with_blast_furnace":24,"minecraft:total_world_time":838253,"minecraft:time_since_rest":4780,"twilightforest:life_charms_activated":1,"minecraft:swim_one_cm":115310,"minecraft:fly_one_cm":1888653,"minecraft:open_chest":717,"minecraft:fall_one_cm":130649,"minecraft:sprint_one_cm":2002105,"minecraft:drop":263,"minecraft:talked_to_villager":14,"minecraft:interact_with_brewingstand":7,"minecraft:walk_on_water_one_cm":86383,"minecraft:player_kills":2,"minecraft:crouch_one_cm":34482,"minecraft:mob_kills":110,"minecraft:fill_cauldron":1,"minecraft:climb_one_cm":20329,"minecraft:walk_one_cm":2555097,"minecraft:walk_under_water_one_cm":74353,"minecraft:boat_one_cm":384678,"minecraft:raid_trigger":1,"minecraft:interact_with_grindstone":1,"minecraft:damage_taken":12166,"minecraft:damage_absorbed":17},"minecraft:dropped":{"minecraft:iron_sword":1,"minecraft:lapis_lazuli":33,"minecraft:cooked_beef":4,"minecraft:diamond":6,"minecraft:glow_berries":1,"minecraft:mossy_stone_brick_stairs":2,"minecraft:cracked_stone_bricks":2,"alexsmobs:flying_fish_boots":3,"minecraft:rail":28,"friendsandfoes:totem_of_illusion":1,"minecraft:emerald":6,"twigs:pebble":3,"minecraft:dirt":242,"biomesoplenty:stripped_redwood_wood":4,"biomesoplenty:redwood_log":1,"minecraft:chain":2,"minecraft:bone_meal":33,"minecraft:sand":1,"minecraft:iron_pickaxe":2,"spawnersplus:spawner_fragment":1,"minecraft:bone":21,"minecraft:stone_axe":5,"biomesoplenty:blackstone_bulb":2,"minecraft:cooked_chicken":6,"alexsmobs:animal_dictionary":1,"minecraft:cobbled_deepslate":42,"minecraft:birch_sapling":20,"minecraft:rotten_flesh":7,"minecraft:oak_planks":12,"biomesoplenty:glowing_moss_carpet":8,"minecraft:tipped_arrow":7,"minecraft:charcoal":13,"minecraft:ladder":1,"minecraft:glass":18,"minecraft:egg":2,"farmersdelight:tomato_seeds":4,"minecraft:iron_ingot":51,"minecraft:wheat_seeds":72,"minecraft:iron_helmet":2,"minecraft:cobblestone":74,"minecraft:granite":9,"minecraft:coal":1,"minecraft:cobweb":5,"twigs:silt_ball":4,"minecraft:cooked_salmon":3,"delightful:acorn":2,"minecraft:dried_kelp":33,"minecraft:stripped_birch_log":1,"biomesoplenty:glowshroom":18,"minecraft:string":11,"twigs:rhyolite":1,"handcrafted:birch_pillar_trim":1,"minecraft:stone_sword":4,"minecraft:iron_boots":1,"minecraft:name_tag":1,"minecraft:nether_bricks":1,"minecraft:diamond_sword":3,"minecraft:stone":8,"minecraft:spruce_planks":1,"minecraft:diamond_pickaxe":4,"minecraft:barrel":1,"minecraft:stone_bricks":15,"minecraft:magenta_dye":3,"minecraft:black_wool":1,"minecraft:brown_mushroom":1,"minecraft:birch_planks":14,"minecraft:oak_log":2,"minecraft:dark_oak_sapling":4,"minecraft:birch_slab":1,"farmersdelight:rice":3,"aether:iron_pendant":3,"minecraft:dispenser":2,"minecraft:cooked_cod":2,"twigs:twig":56,"minecraft:gravel":5,"bountiful:bounty":2,"biomesoplenty:bramble":11,"biomesoplenty:rainbow_birch_sapling":1,"minecraft:cooked_mutton":7,"biomesoplenty:glowing_moss_block":13,"patchouli:guide_book":4,"minecraft:chiseled_stone_bricks":1,"minecraft:poppy":4,"supplementaries:ash":9,"alexsmobs:elastic_tendon":1,"minecraft:gunpowder":57,"minecraft:melon_seeds":4,"minecraft:azalea":1,"minecraft:iron_bars":1,"minecraft:netherrack":2,"minecraft:stone_hoe":1,"minecraft:bread":5,"minecraft:cherry_log":15,"minecraft:mossy_cobblestone":1,"minecraft:diamond_leggings":1,"minecraft:poisonous_potato":1,"minecraft:lead":1,"delightful:green_tea_leaf":5,"minecraft:grass_block":1,"minecraft:stick":1,"illagerinvasion:platinum_chunk":1,"quark:clear_shard":2,"minecraft:diorite":1,"minecraft:torch":105,"minecraft:iron_door":1,"minecraft:zombie_head":1,"minecraft:iron_leggings":5,"minecraft:iron_axe":1,"minecraft:bucket":1,"minecraft:smooth_basalt":3,"minecraft:nether_brick_slab":2,"minecraft:tuff":3,"minecraft:raw_iron":5,"farmersdelight:cabbage_seeds":10,"minecraft:deepslate_bricks":2,"minecraft:filled_map":1,"shieldexp:iron_shield":2,"minecraft:shield":6,"aether:iron_gloves":4,"aether:diamond_gloves":1,"minecraft:iron_chestplate":3,"minecraft:andesite":1,"minecraft:mossy_stone_bricks":4,"minecraft:oak_sapling":5,"minecraft:stone_pickaxe":4,"minecraft:wooden_pickaxe":2,"minecraft:raw_gold":1,"minecraft:cracked_deepslate_bricks":1,"minecraft:calcite":4},"minecraft:crafted":{"quark:birch_chest":4,"minecraft:diamond_shovel":1,"minecraft:cooked_mutton":15,"minecraft:glass":49,"minecraft:diamond_leggings":1,"aether:diamond_gloves":1,"minecraft:magenta_dye":6,"minecraft:cooked_rabbit":1,"minecraft:glass_bottle":6,"minecraft:emerald":2,"quark:pathfinders_quill":1,"villagersplus:alchemist_table":1,"minecraft:cooked_porkchop":4,"minecraft:copper_ingot":19,"quark:oak_chest":4,"minecraft:iron_pickaxe":1,"minecraft:gold_ingot":12,"minecraft:jukebox":1,"minecraft:bone_meal":33,"minecraft:dark_oak_fence":78,"minecraft:spruce_stairs":8,"minecraft:ladder":12,"minecraft:stone_pickaxe":2,"minecraft:dark_oak_planks":311,"minecraft:enchanting_table":1,"minecraft:dried_kelp":161,"crabbersdelight:cooked_tropical_fish":1,"minecraft:oak_stairs":8,"minecraft:iron_shovel":1,"minecraft:iron_leggings":1,"minecraft:brick":15,"minecraft:oak_planks":248,"minecraft:cooked_chicken":14,"minecraft:lightning_rod":1,"minecraft:heavy_weighted_pressure_plate":4,"shieldexp:iron_shield":3,"minecraft:bow":1,"minecraft:iron_boots":2,"chipped:mason_table":1,"supplementaries:rope_arrow":24,"minecraft:crafting_table":5,"minecraft:spruce_planks":16,"minecraft:wooden_pickaxe":2,"minecraft:birch_planks":840,"minecraft:charcoal":32,"minecraft:iron_chestplate":2,"minecraft:diamond_pickaxe":4,"minecraft:shield":3,"minecraft:stick":272,"minecraft:iron_ingot":116,"minecraft:stone_sword":1,"minecraft:furnace":2,"minecraft:flint_and_steel":1,"quark:dark_oak_chest":2,"minecraft:iron_axe":4,"alexsmobs:flying_fish_boots":3,"quark:birch_bookshelf":17,"friendsandfoes:copper_button":1,"aether:iron_pendant":4,"minecraft:cooked_beef":11,"minecraft:cooked_cod":4,"minecraft:magenta_bed":1,"minecraft:diamond_sword":1,"minecraft:iron_sword":1,"minecraft:bowl":4,"minecraft:cooked_salmon":2,"minecraft:bucket":1,"minecraft:stone_axe":1,"minecraft:air":0,"aether:iron_gloves":1,"minecraft:torch":316,"minecraft:diamond_chestplate":1},"minecraft:mined":{"minecraft:dark_oak_planks":9,"minecraft:white_bed":7,"minecraft:cherry_log":18,"minecraft:obsidian":15,"minecraft:granite":10,"biomesoplenty:bramble":17,"biomesoplenty:eyebulb":1,"minecraft:deepslate_bricks":2,"chipped:barbed_iron_bars":3,"minecraft:chiseled_stone_bricks":1,"quark:birch_bookshelf":11,"minecraft:magma_block":1,"minecraft:fire":23,"minecraft:barrel":1,"minecraft:cobbled_deepslate":3,"minecraft:deepslate_lapis_ore":10,"biomesoplenty:redwood_log":4,"minecraft:cave_vines":16,"minecraft:water_cauldron":1,"minecraft:dirt_path":2,"minecraft:small_amethyst_bud":2,"quark:limestone":1,"minecraft:tripwire":3,"minecraft:red_bed":10,"minecraft:kelp_plant":25,"minecraft:amethyst_cluster":4,"minecraft:torch":34,"minecraft:blast_furnace":1,"quark:blossom_log":1,"minecraft:glass":3,"minecraft:white_candle":1,"friendsandfoes:buttercup":8,"minecraft:damaged_anvil":2,"minecraft:amethyst_block":3,"minecraft:skeleton_skull":1,"minecraft:chain":3,"minecraft:wheat":2,"minecraft:lilac":3,"minecraft:grass":186,"quark:birch_chest":4,"minecraft:smooth_basalt":1,"twigs:rhyolite":12,"minecraft:deepslate":270,"minecraft:deepslate_tiles":1,"minecraft:mossy_cobblestone":1,"minecraft:dark_oak_log":124,"minecraft:red_mushroom":1,"minecraft:moss_block":11,"minecraft:kelp":7,"supplementaries:rope":11,"minecraft:redstone_ore":7,"minecraft:andesite":31,"minecraft:mossy_stone_brick_stairs":2,"minecraft:vine":5,"minecraft:rail":29,"twigs:pebble":3,"minecraft:campfire":1,"minecraft:tall_grass":15,"minecraft:copper_ore":31,"minecraft:deepslate_gold_ore":18,"minecraft:cracked_deepslate_bricks":4,"minecraft:diorite":13,"minecraft:purple_bed":1,"farmersdelight:skillet":1,"twigs:tangerine_seashell":2,"minecraft:birch_leaves":21,"minecraft:zombie_head":1,"bygonenether:soul_stone":13,"minecraft:gravel":12,"minecraft:cobweb":17,"minecraft:stone_bricks":37,"minecraft:fern":40,"minecraft:large_amethyst_bud":2,"minecraft:spruce_planks":1,"minecraft:farmland":1,"quark:yellow_blossom_leaves":4,"minecraft:sculk_vein":1,"minecraft:brewing_stand":1,"minecraft:cave_vines_plant":12,"minecraft:budding_amethyst":3,"minecraft:grass_block":325,"twigs:twig":1,"biomesoplenty:blackstone_bulb":7,"biomesoplenty:bramble_leaves":3,"minecraft:iron_ore":12,"twigs:silt":1,"supplementaries:stick":1,"diagonalfences:minecraft/dark_oak_fence":1,"minecraft:iron_bars":6,"minecraft:deepslate_redstone_ore":24,"minecraft:clay":12,"minecraft:calcite":3,"minecraft:poppy":2,"minecraft:mushroom_stem":6,"minecraft:nether_quartz_ore":15,"minecraft:cobblestone":18,"minecraft:grindstone":1,"minecraft:oak_planks":41,"minecraft:iron_door":1,"minecraft:wall_torch":39,"minecraft:deepslate_copper_ore":2,"minecraft:birch_log":291,"farmersdelight:cutting_board":1,"biomesoplenty:clover":3,"minecraft:oak_log":30,"minecraft:sand":78,"minecraft:dirt":64,"villagersplus:alchemist_table":1,"minecraft:dispenser":1,"minecraft:netherrack":22,"minecraft:oak_leaves":5,"minecraft:nether_gold_ore":1,"minecraft:diamond_ore":2,"minecraft:crying_obsidian":2,"minecraft:tuff":46,"minecraft:oak_door":2,"minecraft:deepslate_diamond_ore":13,"chipped:mason_table":1,"minecraft:glow_lichen":1,"minecraft:brown_mushroom_block":5,"minecraft:birch_slab":2,"minecraft:oak_trapdoor":1,"minecraft:heavy_weighted_pressure_plate":3,"biomesoplenty:toadstool":43,"minecraft:peony":2,"minecraft:bookshelf":3,"minecraft:deepslate_iron_ore":23,"minecraft:lantern":2,"minecraft:stripped_oak_log":2,"minecraft:stone":443,"minecraft:crafting_table":3,"minecraft:gray_stained_glass":1,"biomesoplenty:huge_clover_petal":6,"minecraft:lapis_ore":9,"delightful:wild_salmonberries":4,"minecraft:blue_bed":1,"supplementaries:urn":12,"minecraft:spruce_stairs":1,"minecraft:birch_planks":249,"minecraft:black_wall_banner":2,"minecraft:sweet_berry_bush":2,"minecraft:ice":3,"minecraft:gray_bed":1,"minecraft:coal_ore":104,"minecraft:cracked_stone_bricks":5,"minecraft:mossy_stone_bricks":8,"biomesoplenty:redwood_wood":1}},"DataVersion":3465}