{"stats":{"minecraft:custom":{"minecraft:interact_with_crafting_table":55,"minecraft:open_barrel":1,"goblintraders:trade_with_goblin":12,"minecraft:leave_game":7,"minecraft:time_since_death":5970,"minecraft:sprint_one_cm":1534977,"minecraft:damage_blocked_by_shield":675,"minecraft:drop":206,"minecraft:talked_to_villager":2,"minecraft:play_time":693133,"minecraft:deaths":13,"minecraft:jump":5057,"minecraft:walk_on_water_one_cm":55178,"minecraft:interact_with_furnace":161,"minecraft:play_record":1,"minecraft:traded_with_villager":1,"minecraft:sleep_in_bed":13,"minecraft:waystone_activated":7,"minecraft:damage_dealt":11551,"minecraft:player_kills":1,"minecraft:crouch_one_cm":25011,"minecraft:interact_with_anvil":11,"minecraft:mob_kills":77,"minecraft:climb_one_cm":11498,"minecraft:walk_one_cm":2112272,"minecraft:sneak_time":14481,"minecraft:walk_under_water_one_cm":53447,"minecraft:boat_one_cm":384678,"minecraft:interact_with_blast_furnace":14,"minecraft:total_world_time":693133,"minecraft:raid_trigger":1,"minecraft:time_since_rest":413,"minecraft:damage_taken":8878,"twilightforest:life_charms_activated":1,"minecraft:swim_one_cm":92798,"minecraft:fly_one_cm":1642681,"minecraft:open_chest":492,"minecraft:fall_one_cm":104250},"minecraft:broken":{"minecraft:iron_shovel":1,"minecraft:stone_pickaxe":1,"minecraft:wooden_pickaxe":1,"minecraft:iron_axe":2},"minecraft:picked_up":{"illagerinvasion:platinum_chunk":2,"minecraft:lead":3,"minecraft:diamond_sword":1,"aether:iron_gloves":2,"biomesoplenty:stripped_redwood_wood":4,"minecraft:enchanted_book":1,"spawnersplus:spawner_fragment":4,"minecraft:amethyst_block":8,"farmersdelight:cutting_board":1,"minecraft:string":36,"minecraft:raw_copper":123,"biomesoplenty:yellow_autumn_sapling":10,"minecraft:iron_leggings":2,"minecraft:armor_stand":3,"minecraft:zombie_head":1,"minecraft:gold_nugget":9,"minecraft:cobbled_deepslate":244,"twigs:pebble":12,"minecraft:spruce_planks":1,"delightful:acorn":2,"minecraft:rose_bush":4,"minecraft:calcite":4,"biomesoplenty:redwood_wood":1,"delightful:green_tea_leaf":8,"minecraft:iron_boots":1,"minecraft:tipped_arrow":49,"minecraft:stick":1,"chipped:barbed_iron_bars":1,"minecraft:torch":138,"minecraft:spruce_stairs":1,"conjurer_illager:throwable_ball":1,"quark:blossom_log":1,"minecraft:porkchop":4,"minecraft:dried_kelp":11,"minecraft:cherry_log":17,"minecraft:diorite":15,"cataclysm:amethyst_crab_shell":3,"minecraft:golden_chestplate":1,"minecraft:rotten_flesh":117,"minecraft:tropical_fish":1,"supplementaries:antique_ink":6,"cataclysm:amethyst_crab_meat":9,"farmersdelight:rope":33,"supplementaries:ash":21,"villagersplus:alchemist_table":1,"minecraft:obsidian":10,"twigs:tangerine_seashell":2,"minecraft:iron_bars":1,"minecraft:cobblestone":519,"minecraft:birch_log":384,"minecraft:magma_block":1,"minecraft:lilac":3,"minecraft:iron_door":5,"minecraft:birch_slab":2,"minecraft:andesite":28,"minecraft:magenta_dye":3,"minecraft:tuff":59,"supplementaries:flax_seeds":19,"minecraft:lapis_lazuli":100,"minecraft:dirt":482,"minecraft:stripped_birch_log":1,"minecraft:lantern":1,"biomesoplenty:snowblossom_sapling":10,"minecraft:bone":22,"minecraft:bow":1,"minecraft:wheat_seeds":132,"minecraft:raw_gold":8,"minecraft:mossy_stone_bricks":6,"twigs:twig":92,"minecraft:oak_planks":75,"minecraft:mossy_stone_brick_stairs":2,"biomesoplenty:toadstool":40,"patchouli:guide_book":3,"minecraft:sand":30,"minecraft:grass_block":1,"minecraft:lily_of_the_valley":6,"minecraft:dark_oak_log":110,"minecraft:barrel":1,"alexsmobs:animal_dictionary":1,"minecraft:dispenser":2,"minecraft:diamond":21,"cataclysm:mech_eye":4,"minecraft:granite":15,"minecraft:bread":20,"minecraft:emerald":6,"alexsmobs:maggot":1,"minecraft:oak_sapling":8,"twigs:rhyolite":9,"biomesoplenty:redwood_log":2,"minecraft:crafting_table":3,"minecraft:chicken":8,"minecraft:ladder":1,"minecraft:clay_ball":36,"friendsandfoes:totem_of_illusion":3,"minecraft:chain":2,"minecraft:heavy_weighted_pressure_plate":5,"minecraft:red_bed":10,"minecraft:moss_carpet":6,"minecraft:cracked_stone_bricks":3,"handcrafted:birch_pillar_trim":1,"minecraft:beef":4,"quark:permafrost":1,"minecraft:oak_boat":2,"minecraft:iron_nugget":17,"minecraft:poppy":5,"supplementaries:rope":25,"minecraft:birch_sapling":72,"minecraft:egg":3,"minecraft:dark_oak_sapling":8,"minecraft:raw_iron":40,"minecraft:oak_door":2,"minecraft:bowl":4,"farmersdelight:tomato_seeds":11,"quark:birch_chest":4,"minecraft:redstone":110,"minecraft:dark_oak_planks":3,"minecraft:arrow":104,"biomesoplenty:jacaranda_log":1,"minecraft:peony":10,"minecraft:deepslate_bricks":2,"minecraft:cracked_deepslate_bricks":1,"minecraft:glow_berries":2,"minecraft:mutton":8,"minecraft:skeleton_skull":1,"minecraft:rail":57,"minecraft:glow_ink_sac":2,"minecraft:salmon":3,"minecraft:red_mushroom":14,"minecraft:filled_map":1,"minecraft:birch_planks":237,"minecraft:mushroom_stew":3,"supplementaries:rope_arrow":2,"minecraft:oak_log":33,"minecraft:gunpowder":37,"quark:limestone":1,"minecraft:cooked_mutton":1,"minecraft:stone_bricks":28,"minecraft:apple":4,"minecraft:kelp":220,"minecraft:iron_ingot":3,"minecraft:stone_pickaxe":2,"minecraft:cobweb":5,"minecraft:iron_sword":1,"twilightforest:charm_of_life_1":1,"minecraft:book":12,"minecraft:smooth_basalt":3,"minecraft:sweet_berries":3,"minecraft:chiseled_stone_bricks":1,"waystones:mossy_waystone":1,"minecraft:gravel":14,"minecraft:lava_bucket":1,"minecraft:amethyst_shard":16,"delightful:salmonberries":3,"minecraft:white_bed":4,"minecraft:spruce_log":4,"minecraft:crying_obsidian":3,"minecraft:spider_eye":21,"biomesoplenty:maple_sapling":4,"minecraft:stone_axe":4,"minecraft:iron_helmet":2,"minecraft:damaged_anvil":2,"minecraft:black_wool":1,"minecraft:coal":76},"minecraft:mined":{"minecraft:dark_oak_planks":7,"minecraft:large_amethyst_bud":2,"minecraft:spruce_planks":1,"minecraft:farmland":1,"minecraft:white_bed":4,"quark:yellow_blossom_leaves":4,"minecraft:cherry_log":18,"minecraft:sculk_vein":1,"minecraft:obsidian":11,"minecraft:cave_vines_plant":4,"minecraft:granite":10,"minecraft:budding_amethyst":3,"minecraft:grass_block":325,"twigs:twig":1,"minecraft:deepslate_bricks":2,"chipped:barbed_iron_bars":3,"minecraft:chiseled_stone_bricks":1,"minecraft:magma_block":1,"minecraft:cobbled_deepslate":3,"minecraft:barrel":1,"minecraft:iron_ore":11,"minecraft:fire":18,"minecraft:deepslate_lapis_ore":7,"minecraft:cave_vines":5,"supplementaries:stick":1,"minecraft:dirt_path":2,"biomesoplenty:redwood_log":4,"diagonalfences:minecraft/dark_oak_fence":1,"quark:limestone":1,"minecraft:small_amethyst_bud":2,"minecraft:iron_bars":4,"minecraft:tripwire":3,"minecraft:deepslate_redstone_ore":17,"minecraft:red_bed":10,"minecraft:kelp_plant":25,"minecraft:amethyst_cluster":4,"minecraft:clay":12,"minecraft:torch":29,"minecraft:poppy":1,"minecraft:calcite":3,"quark:blossom_log":1,"minecraft:mushroom_stem":6,"minecraft:cobblestone":15,"minecraft:white_candle":1,"minecraft:oak_planks":41,"minecraft:damaged_anvil":2,"minecraft:iron_door":1,"minecraft:wall_torch":34,"minecraft:amethyst_block":3,"minecraft:deepslate_copper_ore":2,"minecraft:skeleton_skull":1,"minecraft:chain":2,"minecraft:wheat":2,"farmersdelight:cutting_board":1,"minecraft:birch_log":291,"minecraft:lilac":3,"minecraft:grass":186,"quark:birch_chest":4,"biomesoplenty:clover":3,"minecraft:oak_log":30,"minecraft:sand":32,"minecraft:dirt":60,"villagersplus:alchemist_table":1,"minecraft:smooth_basalt":1,"twigs:rhyolite":11,"minecraft:dispenser":1,"minecraft:oak_leaves":5,"minecraft:deepslate":191,"minecraft:deepslate_tiles":1,"minecraft:diamond_ore":2,"minecraft:crying_obsidian":2,"minecraft:tuff":46,"minecraft:deepslate_diamond_ore":11,"minecraft:oak_door":2,"minecraft:dark_oak_log":124,"minecraft:glow_lichen":1,"minecraft:brown_mushroom_block":5,"minecraft:birch_slab":2,"minecraft:moss_block":1,"minecraft:kelp":7,"minecraft:red_mushroom":1,"supplementaries:rope":11,"minecraft:redstone_ore":7,"minecraft:oak_trapdoor":1,"minecraft:heavy_weighted_pressure_plate":3,"biomesoplenty:toadstool":43,"minecraft:andesite":31,"minecraft:peony":2,"minecraft:mossy_stone_brick_stairs":2,"minecraft:bookshelf":3,"minecraft:deepslate_iron_ore":22,"minecraft:vine":5,"minecraft:rail":29,"minecraft:lantern":1,"minecraft:stripped_oak_log":2,"minecraft:stone":442,"twigs:pebble":3,"minecraft:crafting_table":3,"minecraft:tall_grass":15,"minecraft:copper_ore":31,"minecraft:deepslate_gold_ore":10,"minecraft:lapis_ore":9,"biomesoplenty:huge_clover_petal":6,"minecraft:cracked_deepslate_bricks":4,"delightful:wild_salmonberries":4,"minecraft:diorite":13,"supplementaries:urn":12,"minecraft:spruce_stairs":1,"minecraft:birch_planks":243,"farmersdelight:skillet":1,"minecraft:sweet_berry_bush":2,"twigs:tangerine_seashell":2,"minecraft:ice":3,"minecraft:birch_leaves":21,"minecraft:coal_ore":78,"minecraft:zombie_head":1,"minecraft:gravel":12,"minecraft:cobweb":17,"minecraft:cracked_stone_bricks":5,"minecraft:stone_bricks":36,"minecraft:mossy_stone_bricks":8,"biomesoplenty:redwood_wood":1,"minecraft:fern":40},"minecraft:used":{"twilightforest:lower_goblin_knight_spawn_egg":2,"minecraft:iron_shovel":270,"crabbersdelight:cooked_tropical_fish":1,"minecraft:poppy":1,"minecraft:shield":7,"minecraft:stone":404,"minecraft:iron_sword":61,"minecraft:rotten_flesh":15,"minecraft:iron_chestplate":1,"minecraft:tuff":4,"minecraft:axolotl_bucket":3,"minecraft:obsidian":21,"minecraft:lava_bucket":6,"minecraft:grass_block":955,"friendsandfoes:totem_of_illusion":2,"minecraft:stone_bricks":5,"minecraft:music_disc_stal":1,"supplementaries:bomb_blue":1,"delightful:green_tea_leaf":5,"farmersdelight:cutting_board":1,"minecraft:bow":108,"minecraft:sweet_berries":17,"quark:birch_bookshelf":17,"minecraft:furnace":2,"minecraft:cooked_cod":1,"minecraft:skeleton_skull":1,"quark:permafrost":115,"friendsandfoes:buttercup":18,"minecraft:mossy_stone_bricks":5,"minecraft:damaged_anvil":2,"cataclysm:mech_eye":24,"minecraft:stone_pickaxe":203,"minecraft:oak_planks":211,"minecraft:wooden_pickaxe":41,"minecraft:mossy_stone_brick_stairs":5,"villagersplus:alchemist_table":2,"minecraft:golden_apple":1,"minecraft:infested_chiseled_stone_bricks":24,"minecraft:mushroom_stew":2,"minecraft:blast_furnace":1,"minecraft:blue_ice":8,"minecraft:lightning_rod":1,"waystones:waystone":1,"conjurer_illager:throwable_ball":2,"minecraft:crying_obsidian":4,"minecraft:dark_oak_log":3,"minecraft:string":3,"minecraft:bread":37,"minecraft:birch_slab":1,"minecraft:zombie_head":1,"minecraft:heavy_weighted_pressure_plate":15,"alexsmobs:spawn_egg_cosmaw":3,"minecraft:stone_button":4,"minecraft:oak_pressure_plate":2,"minecraft:iron_door":4,"minecraft:diamond_sword":153,"minecraft:dark_oak_fence":78,"twilightforest:stable_ice_core_spawn_egg":1,"minecraft:birch_log":241,"minecraft:ice":182,"minecraft:oak_boat":1,"friendsandfoes:copper_button":1,"minecraft:bone_meal":2,"minecraft:oak_fence":29,"minecraft:enchanting_table":1,"minecraft:netherite_sword":9,"quark:birch_chest":8,"minecraft:stone_sword":152,"minecraft:carved_pumpkin":2,"minecraft:armor_stand":4,"minecraft:dried_kelp":171,"minecraft:spruce_planks":4,"minecraft:cooked_chicken":5,"minecraft:cooked_salmon":2,"twilightforest:deadrock":49,"minecraft:stick":2,"minecraft:torch":381,"minecraft:dirt":19,"farmersdelight:flint_knife":1,"cataclysm:amethyst_crab_spawn_egg":1,"minecraft:spruce_stairs":9,"biomesoplenty:snowblossom_sapling":7,"minecraft:oak_fence_gate":4,"biomesoplenty:redwood_log":1,"quark:permafrost_stairs":88,"minecraft:dark_oak_planks":118,"minecraft:sea_lantern":18,"minecraft:iron_block":4,"minecraft:iron_axe":885,"minecraft:oak_stairs":8,"minecraft:iron_boots":1,"twigs:tangerine_seashell":2,"chipped:barbed_iron_bars":34,"alexsmobs:spawn_egg_froststalker":1,"minecraft:podzol":1,"twilightforest:ice_crystal_spawn_egg":4,"minecraft:cooked_beef":7,"minecraft:cobbled_deepslate":117,"minecraft:powder_snow_bucket":65,"minecraft:pumpkin":1,"minecraft:iron_leggings":1,"minecraft:wheat_seeds":1,"minecraft:cooked_mutton":11,"minecraft:water_bucket":4,"minecraft:snow_block":166,"minecraft:birch_planks":884,"alexsmobs:spawn_egg_tiger":2,"betterend:dense_snow":22,"twilightforest:unstable_ice_core_spawn_egg":1,"delightful:salmonberries":3,"minecraft:rabbit_spawn_egg":10,"minecraft:rail":1,"minecraft:crafting_table":6,"minecraft:red_bed":9,"minecraft:magenta_bed":1,"minecraft:cod":1,"blue_skies:artificial_golem_spawn_egg":3,"minecraft:white_bed":4,"minecraft:painting":2,"aether:skyroot_powder_snow_bucket":1,"minecraft:diamond_pickaxe":729,"minecraft:apple":4,"minecraft:diamond_shovel":113,"minecraft:stripped_jungle_log":10,"minecraft:iron_pickaxe":237,"waystones:mossy_waystone":2,"minecraft:stone_axe":90,"twigs:twig":2,"quark:dark_oak_chest":2,"minecraft:cobblestone":114,"minecraft:cooked_porkchop":4,"minecraft:bucket":8,"quark:oak_chest":3,"alexsmobs:animal_dictionary":1,"minecraft:stripped_oak_log":2,"minecraft:jukebox":1},"minecraft:killed_by":{"minecraft:zombie":3,"minecraft:player":1,"minecraft:enderman":1,"minecraft:skeleton":5},"minecraft:killed":{"illagerinvasion:archivist":1,"minecraft:cave_spider":1,"minecraft:spider":5,"alexsmobs:froststalker":1,"cataclysm:amethyst_crab":1,"minecraft:skeleton":10,"minecraft:pig":2,"minecraft:salmon":4,"minecraft:creeper":5,"minecraft:sheep":1,"minecraft:pillager":4,"minecraft:zombie":29,"alexsmobs:fly":1,"minecraft:cow":2,"alexsmobs:raccoon":1,"minecraft:vindicator":2,"minecraft:phantom":1,"minecraft:drowned":1,"alexsmobs:crow":1,"minecraft:player":1,"minecraft:enderman":1},"minecraft:dropped":{"minecraft:iron_sword":1,"minecraft:birch_planks":6,"minecraft:lapis_lazuli":33,"minecraft:cooked_beef":4,"minecraft:oak_log":2,"minecraft:diamond":6,"minecraft:dark_oak_sapling":4,"minecraft:mossy_stone_brick_stairs":2,"minecraft:cracked_stone_bricks":2,"minecraft:rail":28,"minecraft:birch_slab":1,"farmersdelight:rice":3,"friendsandfoes:totem_of_illusion":1,"minecraft:emerald":6,"twigs:pebble":3,"minecraft:dirt":242,"biomesoplenty:stripped_redwood_wood":4,"minecraft:dispenser":2,"biomesoplenty:redwood_log":1,"minecraft:cooked_cod":2,"minecraft:bone_meal":33,"minecraft:chain":2,"minecraft:sand":1,"minecraft:iron_pickaxe":2,"twigs:twig":56,"spawnersplus:spawner_fragment":1,"minecraft:gravel":5,"minecraft:stone_axe":5,"minecraft:cooked_chicken":6,"alexsmobs:animal_dictionary":1,"minecraft:cobbled_deepslate":26,"minecraft:birch_sapling":20,"biomesoplenty:rainbow_birch_sapling":1,"minecraft:rotten_flesh":7,"minecraft:oak_planks":12,"minecraft:cooked_mutton":4,"patchouli:guide_book":4,"minecraft:chiseled_stone_bricks":1,"minecraft:poppy":4,"supplementaries:ash":9,"minecraft:tipped_arrow":7,"minecraft:charcoal":13,"minecraft:ladder":1,"minecraft:iron_bars":1,"minecraft:egg":2,"minecraft:bread":5,"minecraft:stone_hoe":1,"minecraft:iron_ingot":51,"minecraft:wheat_seeds":72,"minecraft:poisonous_potato":1,"minecraft:lead":1,"minecraft:iron_helmet":2,"minecraft:cobblestone":74,"delightful:green_tea_leaf":5,"minecraft:granite":9,"minecraft:coal":1,"minecraft:stick":1,"minecraft:cobweb":5,"illagerinvasion:platinum_chunk":1,"minecraft:diorite":1,"minecraft:torch":104,"minecraft:iron_door":1,"minecraft:cooked_salmon":3,"minecraft:iron_leggings":5,"minecraft:stripped_birch_log":1,"minecraft:dried_kelp":33,"delightful:acorn":2,"minecraft:string":11,"minecraft:bucket":1,"minecraft:smooth_basalt":3,"handcrafted:birch_pillar_trim":1,"minecraft:stone_sword":4,"minecraft:tuff":3,"minecraft:raw_iron":5,"farmersdelight:cabbage_seeds":2,"minecraft:iron_boots":1,"minecraft:name_tag":1,"minecraft:filled_map":1,"minecraft:deepslate_bricks":2,"minecraft:diamond_sword":1,"minecraft:shield":4,"minecraft:stone":8,"aether:iron_gloves":2,"minecraft:spruce_planks":1,"minecraft:diamond_pickaxe":4,"minecraft:iron_chestplate":3,"minecraft:andesite":1,"minecraft:mossy_stone_bricks":4,"minecraft:oak_sapling":5,"minecraft:stone_bricks":15,"minecraft:barrel":1,"minecraft:magenta_dye":3,"minecraft:stone_pickaxe":4,"minecraft:wooden_pickaxe":2,"minecraft:raw_gold":1,"minecraft:cracked_deepslate_bricks":1,"minecraft:calcite":4,"minecraft:black_wool":1},"minecraft:crafted":{"minecraft:brick":15,"minecraft:oak_planks":184,"quark:birch_chest":4,"minecraft:cooked_chicken":11,"minecraft:lightning_rod":1,"minecraft:diamond_shovel":1,"minecraft:heavy_weighted_pressure_plate":4,"minecraft:cooked_mutton":15,"minecraft:glass":20,"minecraft:bow":1,"minecraft:iron_boots":1,"aether:diamond_gloves":1,"minecraft:magenta_dye":6,"supplementaries:rope_arrow":24,"villagersplus:alchemist_table":1,"quark:pathfinders_quill":1,"minecraft:emerald":2,"minecraft:cooked_porkchop":4,"minecraft:crafting_table":4,"minecraft:spruce_planks":16,"minecraft:wooden_pickaxe":2,"minecraft:copper_ingot":19,"minecraft:birch_planks":840,"minecraft:iron_chestplate":2,"minecraft:charcoal":32,"minecraft:diamond_pickaxe":4,"minecraft:shield":3,"minecraft:stick":220,"quark:oak_chest":4,"minecraft:iron_pickaxe":1,"minecraft:iron_ingot":60,"minecraft:stone_sword":1,"minecraft:gold_ingot":12,"minecraft:jukebox":1,"minecraft:furnace":2,"minecraft:bone_meal":33,"quark:dark_oak_chest":2,"minecraft:spruce_stairs":8,"minecraft:dark_oak_fence":78,"minecraft:iron_axe":3,"minecraft:stone_pickaxe":2,"minecraft:dark_oak_planks":311,"quark:birch_bookshelf":17,"friendsandfoes:copper_button":1,"minecraft:cooked_beef":11,"minecraft:cooked_cod":3,"minecraft:magenta_bed":1,"minecraft:diamond_sword":1,"minecraft:enchanting_table":1,"minecraft:dried_kelp":161,"minecraft:iron_sword":1,"minecraft:bowl":4,"minecraft:cooked_salmon":2,"minecraft:stone_axe":1,"minecraft:air":0,"crabbersdelight:cooked_tropical_fish":1,"minecraft:oak_stairs":8,"minecraft:iron_shovel":1,"minecraft:iron_leggings":1,"minecraft:torch":296}},"DataVersion":3465}