{"stats":{"minecraft:custom":{"minecraft:mob_kills":9,"minecraft:interact_with_anvil":3,"minecraft:interact_with_crafting_table":40,"minecraft:time_since_death":15445,"minecraft:sprint_one_cm":226817,"minecraft:walk_one_cm":485784,"minecraft:damage_blocked_by_shield":75,"minecraft:drop":13,"minecraft:play_time":118688,"minecraft:deaths":3,"minecraft:sneak_time":11275,"minecraft:walk_under_water_one_cm":6738,"minecraft:jump":1335,"minecraft:walk_on_water_one_cm":5987,"minecraft:total_world_time":118688,"minecraft:interact_with_furnace":7,"minecraft:sleep_in_bed":2,"minecraft:time_since_rest":1472,"minecraft:damage_taken":1965,"minecraft:damage_dealt":2426,"minecraft:swim_one_cm":2733,"minecraft:fly_one_cm":241856,"minecraft:open_chest":90,"minecraft:crouch_one_cm":39367,"minecraft:fall_one_cm":23842},"minecraft:broken":{"minecraft:stone_hoe":1,"minecraft:stone_pickaxe":3,"minecraft:stone_axe":1,"minecraft:stone_shovel":1},"minecraft:picked_up":{"biomesoplenty:redwood_log":23,"minecraft:iron_chestplate":1,"minecraft:wheat":5,"minecraft:brown_mushroom":16,"minecraft:lead":1,"minecraft:raw_copper":84,"minecraft:armor_stand":1,"minecraft:zombie_head":1,"minecraft:cobbled_deepslate":84,"twigs:pebble":8,"minecraft:bucket":1,"minecraft:rose_bush":15,"biomesoplenty:redwood_wood":2,"delightful:green_tea_leaf":1,"minecraft:birch_sapling":14,"minecraft:raw_iron":8,"minecraft:stick":2,"minecraft:torch":40,"minecraft:diorite":99,"minecraft:carrot":6,"minecraft:arrow":3,"minecraft:rotten_flesh":2,"supplementaries:antique_ink":2,"biomesoplenty:redwood_sapling":1,"minecraft:cobblestone":1396,"minecraft:birch_log":115,"minecraft:andesite":123,"minecraft:music_disc_stal":1,"minecraft:red_mushroom":42,"minecraft:birch_planks":4,"minecraft:gunpowder":4,"minecraft:lapis_lazuli":30,"minecraft:dirt":157,"minecraft:bone":3,"minecraft:wheat_seeds":87,"minecraft:raw_gold":6,"minecraft:cooked_chicken":6,"twigs:twig":4,"minecraft:iron_sword":1,"minecraft:gravel":10,"delightful:salmonberries":3,"quark:oak_chest":1,"minecraft:diamond":1,"minecraft:iron_helmet":1,"minecraft:granite":8,"minecraft:emerald":3,"twigs:rhyolite":17,"minecraft:coal":12,"minecraft:diamond_pickaxe":2},"minecraft:mined":{"minecraft:farmland":1,"farmersdelight:wild_carrots":4,"minecraft:granite":13,"minecraft:cave_vines_plant":1,"minecraft:grass_block":40,"twigs:twig":2,"minecraft:brown_mushroom_block":39,"minecraft:spruce_leaves":3,"minecraft:red_mushroom":14,"minecraft:carrots":2,"minecraft:iron_ore":4,"minecraft:andesite":106,"supplementaries:stick":1,"biomesoplenty:redwood_log":24,"minecraft:deepslate_iron_ore":1,"minecraft:stone":1918,"minecraft:brown_mushroom":10,"quark:oak_chest":1,"minecraft:torch":1,"minecraft:rose_bush":17,"minecraft:mushroom_stem":29,"minecraft:cobblestone":12,"minecraft:copper_ore":23,"minecraft:tall_grass":25,"minecraft:lapis_ore":4,"minecraft:deepslate_gold_ore":7,"minecraft:diorite":106,"supplementaries:urn":5,"minecraft:birch_planks":4,"minecraft:birch_log":119,"minecraft:wheat":15,"minecraft:pumpkin_stem":1,"minecraft:bee_nest":1,"minecraft:grass":372,"minecraft:coal_ore":12,"minecraft:gravel":10,"minecraft:dirt":130,"twigs:rhyolite":17,"minecraft:red_mushroom_block":88,"biomesoplenty:redwood_wood":2,"minecraft:fern":80,"minecraft:deepslate":90},"minecraft:used":{"minecraft:armor_stand":1,"minecraft:stone_shovel":131,"biomesoplenty:redwood_planks":3,"minecraft:shield":2,"minecraft:iron_sword":36,"minecraft:stone_hoe":397,"minecraft:cooked_chicken":8,"minecraft:rotten_flesh":2,"minecraft:stick":2,"minecraft:torch":55,"minecraft:dirt":18,"minecraft:carrot":9,"minecraft:diamond_helmet":1,"minecraft:golden_chestplate":1,"minecraft:birch_sapling":13,"minecraft:diamond_chestplate":1,"minecraft:cooked_cod":10,"minecraft:wheat_seeds":276,"minecraft:water_bucket":10,"minecraft:birch_planks":227,"minecraft:stone_pickaxe":476,"minecraft:oak_planks":27,"minecraft:brown_mushroom":6,"delightful:salmonberries":3,"minecraft:crafting_table":12,"minecraft:mushroom_stew":3,"minecraft:red_mushroom":8,"minecraft:diamond_pickaxe":1851,"minecraft:iron_pickaxe":14,"minecraft:stone_axe":298,"minecraft:cobblestone":47,"minecraft:bucket":10,"quark:oak_chest":5},"minecraft:killed_by":{"minecraft:skeleton":2},"minecraft:killed":{"quark:toretoise":1,"minecraft:skeleton":4,"minecraft:creeper":1,"minecraft:zombie":1,"minecraft:enderman":1},"minecraft:crafted":{"minecraft:oak_planks":256,"minecraft:stone_shovel":1,"minecraft:golden_chestplate":2,"minecraft:mushroom_stew":5,"minecraft:diamond_helmet":1,"minecraft:stone_pickaxe":5,"minecraft:stone_hoe":4,"minecraft:golden_helmet":2,"minecraft:golden_boots":2,"minecraft:cooked_cod":10,"biomesoplenty:jacaranda_planks":4,"minecraft:crafting_table":12,"biomesoplenty:redwood_planks":92,"minecraft:bowl":4,"minecraft:birch_planks":460,"minecraft:stone_axe":3,"minecraft:golden_leggings":2,"minecraft:diamond_pickaxe":1,"minecraft:stick":44,"quark:oak_chest":4,"minecraft:iron_pickaxe":1,"minecraft:gold_ingot":9,"minecraft:torch":48,"minecraft:diamond_chestplate":1},"minecraft:dropped":{"minecraft:golden_boots":1,"minecraft:birch_planks":1,"minecraft:golden_helmet":1,"minecraft:diamond":1,"minecraft:cobblestone":22,"minecraft:mushroom_stew":2,"twigs:twig":2,"minecraft:golden_chestplate":1,"minecraft:diamond_pickaxe":2,"minecraft:andesite":64,"minecraft:golden_leggings":1}},"DataVersion":3465}