{"stats":{"minecraft:picked_up":{"handcrafted:cherry_chair":2,"biomesoplenty:burning_blossom":3,"minecraft:iron_chestplate":4,"minecraft:wheat":81,"illagerinvasion:platinum_chunk":3,"minecraft:chainmail_boots":1,"minecraft:oak_stairs":2,"minecraft:lead":1,"minecraft:diamond_sword":7,"aether:iron_gloves":2,"minecraft:potion":1,"friendsandfoes:buttercup":5,"minecraft:brewing_stand":3,"cuisinedelight:spatula":1,"biomesoplenty:blood_bucket":1,"biomesoplenty:rainbow_birch_sapling":1,"tradingpost:trading_post":2,"minecraft:string":3,"minecraft:raw_copper":54,"aether:diamond_gloves":1,"minecraft:armor_stand":3,"minecraft:iron_leggings":3,"minecraft:beetroot":9,"minecraft:diamond_leggings":4,"minecraft:cobbled_deepslate":8,"minecraft:gold_nugget":156,"farmersdelight:cabbage":8,"twigs:pebble":11,"minecraft:redstone_torch":1,"minecraft:rose_bush":6,"bygonenether:soul_stone":75,"delightful:green_tea_leaf":3,"farmersdelight:cabbage_seeds":30,"minecraft:iron_boots":3,"minecraft:golden_helmet":3,"minecraft:stick":2,"minecraft:torch":79,"minecraft:lightning_rod":1,"minecraft:cherry_log":118,"minecraft:diorite":56,"shieldexp:iron_shield":1,"minecraft:golden_chestplate":3,"minecraft:cauldron":1,"cuisinedelight:cuisine_skillet":17,"minecraft:stone_sword":1,"minecraft:rotten_flesh":66,"alexsmobs:flying_fish_boots":1,"supplementaries:ash":14,"minecraft:blaze_rod":3,"villagersplus:alchemist_table":4,"minecraft:cod":9,"alexsmobs:flying_fish":8,"minecraft:cobblestone":2029,"minecraft:birch_log":77,"minecraft:lilac":1,"minecraft:feather":21,"farmersdelight:rice":2,"minecraft:cherry_planks":2,"minecraft:iron_door":4,"minecraft:andesite":3,"minecraft:golden_leggings":1,"handcrafted:cherry_bench":1,"biomesoplenty:glowshroom":45,"minecraft:potato":431,"crabbersdelight:cooked_shrimp":3,"minecraft:flint":2,"minecraft:dirt":721,"farmersdelight:tomato":18,"minecraft:stripped_birch_log":2,"farmersdelight:mutton_chops":2,"biomesoplenty:snowblossom_sapling":46,"minecraft:bone":43,"minecraft:glass":18,"crabbersdelight:pearl":5,"minecraft:bow":2,"minecraft:wheat_seeds":623,"farmersdelight:pumpkin_slice":4,"minecraft:raw_gold":5,"minecraft:rabbit":2,"twigs:twig":37,"minecraft:oak_planks":79,"minecraft:stone_hoe":2,"minecraft:cooked_porkchop":2,"minecraft:poisonous_potato":2,"minecraft:sand":47,"twigs:azalea_flowers":12,"minecraft:ink_sac":3,"minecraft:lily_of_the_valley":5,"farmersdelight:cooked_mutton_chops":2,"minecraft:sugar":4,"minecraft:diamond":1,"waystones:waystone":1,"minecraft:crossbow":5,"minecraft:granite":16,"minecraft:bone_meal":14,"betterend:helix_tree_chest":2,"minecraft:emerald":17,"minecraft:bread":4,"alexsmobs:maggot":1,"minecraft:jack_o_lantern":4,"crabbersdelight:shrimp":7,"minecraft:netherrack":572,"minecraft:dark_oak_fence":7,"minecraft:diamond_pickaxe":5,"minecraft:crafting_table":2,"minecraft:chicken":7,"minecraft:nether_wart":1,"blue_skies:blue_journal":1,"minecraft:brown_mushroom":28,"minecraft:shield":1,"minecraft:iron_axe":1,"minecraft:beef":12,"farmersdelight:straw":48,"minecraft:iron_nugget":83,"minecraft:sugar_cane":12,"minecraft:birch_sapling":2,"chipped:mason_table":3,"minecraft:phantom_membrane":3,"aether:iron_pendant":2,"minecraft:egg":23,"minecraft:raw_iron":39,"minecraft:copper_ingot":1,"minecraft:bowl":10,"crabbersdelight:clam":6,"minecraft:white_dye":33,"farmersdelight:tomato_seeds":26,"minecraft:carrot":417,"minecraft:dark_oak_planks":38,"minecraft:arrow":57,"minecraft:beetroot_seeds":11,"minecraft:nether_bricks":1,"minecraft:saddle":2,"minecraft:totem_of_undying":1,"minecraft:glow_berries":1,"minecraft:mutton":23,"minecraft:white_wool":3,"minecraft:salmon":1,"minecraft:leather":2,"sereneseasons:season_sensor":2,"minecraft:music_disc_stal":2,"minecraft:red_mushroom":2,"minecraft:birch_planks":108,"minecraft:filled_map":1,"minecraft:oak_log":7,"minecraft:golden_boots":1,"minecraft:gunpowder":71,"farmersdelight:skillet":2,"crabbersdelight:raw_clam_meat":6,"minecraft:blue_bed":1,"minecraft:paper":1,"minecraft:white_banner":2,"farmersdelight:organic_compost":3,"minecraft:cooked_mutton":4,"farmersdelight:cooking_pot":2,"minecraft:iron_ingot":45,"minecraft:stone_pickaxe":1,"minecraft:glass_bottle":2,"minecraft:flowering_azalea":2,"minecraft:book":19,"minecraft:pumpkin":6,"minecraft:quartz":102,"minecraft:gravel":41,"minecraft:spruce_sapling":1,"delightful:salmonberries":4,"minecraft:white_bed":2,"cuisinedelight:plate":17,"minecraft:nether_brick_slab":1,"quark:oak_chest":2,"biomesoplenty:glowing_moss_block":13,"farmersdelight:cabbage_leaf":6,"minecraft:spider_eye":2,"cuisinedelight:fried_mushroom":2,"quark:cobblestone_bricks":31,"minecraft:diamond_shovel":1,"aether:golden_ring":1,"minecraft:pumpkin_seeds":1,"biomesoplenty:bramble":29,"minecraft:stone_axe":2,"minecraft:iron_helmet":1,"minecraft:baked_potato":71,"minecraft:melon_seeds":4,"minecraft:coal":52,"minecraft:ender_pearl":2},"minecraft:used":{"quark:ancient_tome":1,"cuisinedelight:plate":3,"minecraft:jack_o_lantern":3,"minecraft:iron_shovel":578,"crabbersdelight:cooked_tropical_fish":4,"farmersdelight:cabbage_seeds":25,"minecraft:rotten_flesh":13,"minecraft:iron_chestplate":1,"quark:cherry_chest":30,"minecraft:lily_of_the_valley":5,"minecraft:carrot":299,"farmersdelight:tomato":2,"minecraft:music_disc_chirp":1,"minecraft:stone_brick_stairs":1,"minecraft:music_disc_stal":1,"cuisinedelight:cuisine_skillet":24,"crabbersdelight:cooked_shrimp":2,"minecraft:bow":12,"quark:birch_bookshelf":6,"minecraft:cooked_cod":2,"minecraft:beetroot_seeds":10,"minecraft:egg":53,"minecraft:potato":92,"blue_skies:trough":3,"friendsandfoes:buttercup":2,"minecraft:stone_pickaxe":186,"minecraft:oak_planks":11,"minecraft:composter":3,"tradingpost:trading_post":2,"villagersplus:alchemist_table":4,"minecraft:sugar_cane":11,"farmersdelight:organic_compost":6,"minecraft:glow_berries":12,"biomesoplenty:rainbow_birch_sapling":2,"minecraft:sand":12,"minecraft:mushroom_stew":1,"betterend:helix_tree_chest":1,"minecraft:crossbow":27,"minecraft:black_bed":1,"minecraft:pumpkin_seeds":25,"minecraft:lightning_rod":1,"minecraft:redstone_torch":1,"shieldexp:iron_shield":3,"minecraft:bread":1,"minecraft:string":1,"minecraft:iron_door":4,"minecraft:lilac":1,"minecraft:diamond_sword":324,"minecraft:wooden_sword":19,"minecraft:dark_oak_fence":77,"minecraft:birch_log":2,"sereneseasons:season_sensor":2,"minecraft:bone_meal":84,"handcrafted:cherry_table":1,"minecraft:oak_fence":24,"minecraft:rose_bush":4,"minecraft:stone_sword":89,"minecraft:armor_stand":2,"minecraft:stone_shovel":123,"biomesoplenty:glowing_moss_block":13,"biomesoplenty:glowshroom":21,"minecraft:cooked_salmon":1,"minecraft:stone_hoe":137,"minecraft:netherrack":600,"minecraft:stick":1,"minecraft:torch":84,"minecraft:brewing_stand":3,"minecraft:dirt":119,"farmersdelight:flint_knife":4,"biomesoplenty:snowblossom_sapling":25,"minecraft:golden_chestplate":2,"minecraft:dark_oak_planks":5,"minecraft:wooden_axe":45,"minecraft:iron_axe":282,"minecraft:oak_stairs":2,"minecraft:iron_boots":1,"minecraft:melon_seeds":4,"handcrafted:cherry_bench":1,"handcrafted:cherry_chair":3,"farmersdelight:cooking_pot":1,"minecraft:blaze_rod":2,"minecraft:cooked_beef":8,"farmersdelight:tomato_seeds":39,"minecraft:pumpkin":1,"minecraft:iron_leggings":1,"minecraft:wheat_seeds":476,"minecraft:cooked_mutton":12,"farmersdelight:iron_knife":35,"farmersdelight:skillet":3,"quark:cobblestone_bricks":253,"minecraft:birch_planks":9,"minecraft:glass_bottle":3,"minecraft:baked_potato":16,"minecraft:cherry_planks":2,"minecraft:cauldron":1,"delightful:salmonberries":1,"minecraft:crafting_table":2,"chipped:mason_table":3,"minecraft:white_bed":4,"minecraft:wooden_hoe":143,"minecraft:diamond_pickaxe":1573,"minecraft:diamond_shovel":275,"minecraft:iron_pickaxe":258,"cuisinedelight:meat_with_vegetables":1,"minecraft:stone_axe":75,"minecraft:fishing_rod":2,"minecraft:cobblestone":180,"minecraft:potion":3,"minecraft:cooked_porkchop":2,"cuisinedelight:fried_mushroom":1,"quark:oak_chest":3,"alexsmobs:animal_dictionary":1,"minecraft:diamond_leggings":1},"minecraft:killed":{"illagerinvasion:archivist":2,"minecraft:witch":1,"minecraft:spider":5,"illagerinvasion:basher":10,"minecraft:skeleton":8,"friendsandfoes:glare":1,"minecraft:chicken":1,"illagerinvasion:provoker":1,"alexsmobs:straddler":1,"minecraft:magma_cube":1,"alexsmobs:stradpole":3,"illagerinvasion:alchemist":1,"minecraft:creeper":2,"minecraft:sheep":1,"minecraft:pillager":9,"minecraft:zombie":38,"alexsmobs:fly":1,"raided:inquisitor":1,"minecraft:blaze":3,"minecraft:evoker":1,"raided:electromancer":2,"minecraft:vex":3,"minecraft:vindicator":2,"illagerinvasion:marauder":5,"minecraft:phantom":4,"raided:savager":1,"alexsmobs:cockroach":1,"goblintraders:vein_goblin_trader":1,"minecraft:wither_skeleton":1,"minecraft:player":1,"minecraft:enderman":2},"minecraft:broken":{"minecraft:iron_shovel":2,"minecraft:stone_pickaxe":1,"minecraft:iron_pickaxe":1,"minecraft:iron_helmet":1,"minecraft:wooden_hoe":2},"minecraft:killed_by":{"minecraft:evoker":1,"minecraft:creeper":2,"minecraft:pillager":1,"alexsmobs:straddler":1,"minecraft:ravager":1,"minecraft:vindicator":8,"minecraft:vex":1,"minecraft:player":6,"raided:incinerator":1,"minecraft:enderman":1,"alexsmobs:centipede_head":1,"minecraft:skeleton":1,"illagerinvasion:marauder":2,"cataclysm:amethyst_crab":1},"minecraft:custom":{"minecraft:animals_bred":22,"minecraft:interact_with_crafting_table":75,"minecraft:open_barrel":5,"minecraft:leave_game":3,"minecraft:time_since_death":109148,"minecraft:sprint_one_cm":690957,"minecraft:damage_blocked_by_shield":135,"minecraft:drop":526,"minecraft:talked_to_villager":5,"minecraft:play_time":502017,"minecraft:deaths":29,"minecraft:jump":1672,"minecraft:interact_with_brewingstand":21,"minecraft:walk_on_water_one_cm":34100,"minecraft:interact_with_furnace":85,"minecraft:play_record":2,"minecraft:sleep_in_bed":6,"minecraft:waystone_activated":1,"minecraft:damage_dealt":19321,"minecraft:player_kills":1,"minecraft:crouch_one_cm":23133,"minecraft:interact_with_smithing_table":1,"minecraft:horse_one_cm":589,"minecraft:interact_with_anvil":4,"minecraft:mob_kills":114,"minecraft:climb_one_cm":9944,"minecraft:walk_one_cm":2934688,"minecraft:sneak_time":8691,"minecraft:walk_under_water_one_cm":8924,"minecraft:interact_with_blast_furnace":34,"minecraft:total_world_time":502017,"minecraft:interact_with_stonecutter":5,"minecraft:time_since_rest":109180,"minecraft:damage_taken":12527,"twilightforest:life_charms_activated":1,"minecraft:swim_one_cm":9129,"minecraft:fly_one_cm":105083,"minecraft:open_chest":713,"minecraft:fish_caught":2,"minecraft:fall_one_cm":14647},"minecraft:dropped":{"farmersdelight:iron_knife":1,"minecraft:birch_planks":78,"minecraft:cooked_beef":2,"handcrafted:cherry_table":1,"minecraft:glass_bottle":2,"minecraft:diamond":31,"minecraft:ender_pearl":4,"minecraft:crossbow":2,"minecraft:leather":5,"minecraft:saddle":2,"minecraft:black_banner":2,"minecraft:carrot_on_a_stick":2,"minecraft:red_mushroom":1,"minecraft:emerald":23,"twigs:pebble":4,"minecraft:dirt":459,"minecraft:netherite_scrap":3,"aether:iron_pendant":4,"minecraft:dark_oak_fence":9,"minecraft:chain":1,"minecraft:gold_nugget":2,"minecraft:phantom_membrane":1,"biomesoplenty:burning_blossom":1,"twigs:twig":2,"minecraft:bone":12,"minecraft:gravel":11,"minecraft:stone_axe":1,"minecraft:iron_nugget":17,"minecraft:cooked_chicken":8,"minecraft:golden_chestplate":2,"minecraft:cobbled_deepslate":53,"minecraft:obsidian":2,"minecraft:rotten_flesh":21,"minecraft:oak_planks":1,"minecraft:diamond_shovel":1,"minecraft:glowstone_dust":2,"minecraft:cooked_mutton":3,"supplementaries:ash":5,"minecraft:gunpowder":8,"minecraft:arrow":68,"minecraft:quartz":16,"minecraft:netherrack":21,"cuisinedelight:fried_mushroom":3,"minecraft:stone_hoe":1,"minecraft:iron_ingot":13,"cuisinedelight:seafood_platter":1,"handcrafted:cherry_chair":1,"cuisinedelight:cuisine_skillet":2,"minecraft:diamond_leggings":3,"minecraft:iron_helmet":1,"minecraft:cobblestone":344,"biomesoplenty:blood_bucket":1,"minecraft:mushroom_stew":3,"crabbersdelight:cooked_shrimp":4,"farmersdelight:cabbage_rolls":1,"illagerinvasion:platinum_chunk":5,"quark:cobblestone_bricks":51,"minecraft:torch":10,"bygonenether:soul_stone":15,"minecraft:diamond_helmet":1,"minecraft:potion":3,"minecraft:iron_leggings":3,"minecraft:flowering_azalea":1,"minecraft:white_banner":1,"minecraft:iron_axe":1,"minecraft:iron_shovel":1,"minecraft:paper":2,"minecraft:string":1,"crabbersdelight:clam":6,"minecraft:bucket":1,"delightful:salmonberries":3,"handcrafted:cherry_bench":2,"minecraft:nether_brick_slab":2,"cuisinedelight:meat_with_vegetables":1,"minecraft:nether_wart":1,"minecraft:stone_sword":2,"minecraft:raw_copper":12,"minecraft:raw_iron":17,"minecraft:iron_boots":2,"minecraft:nether_bricks":1,"minecraft:shears":1,"minecraft:filled_map":1,"minecraft:diamond_sword":6,"shieldexp:iron_shield":1,"aether:iron_gloves":1,"minecraft:diamond_chestplate":2,"aether:chainmail_gloves":1,"aether:diamond_gloves":3,"minecraft:iron_chestplate":2,"minecraft:diamond_pickaxe":6,"minecraft:oak_boat":1,"minecraft:diamond_boots":1,"farmersdelight:mushroom_rice":1,"minecraft:bow":2,"minecraft:stone_pickaxe":2,"waystones:waystone":2},"minecraft:crafted":{"minecraft:brick":1,"minecraft:black_dye":3,"minecraft:oak_planks":76,"handcrafted:cherry_bench":2,"minecraft:cherry_slab":6,"minecraft:blaze_powder":4,"minecraft:cooked_chicken":10,"minecraft:birch_slab":42,"quark:cherry_chest":31,"crabbersdelight:cooked_shrimp":2,"minecraft:cooked_mutton":25,"minecraft:iron_boots":2,"farmersdelight:tomato_sauce":1,"minecraft:stone_hoe":2,"minecraft:oak_fence":24,"minecraft:cooked_rabbit":2,"minecraft:crafting_table":2,"minecraft:baked_potato":121,"minecraft:iron_helmet":2,"handcrafted:cherry_table":2,"minecraft:birch_planks":104,"farmersdelight:organic_compost":3,"handcrafted:cherry_chair":2,"farmersdelight:skillet":3,"minecraft:wooden_hoe":2,"minecraft:iron_chestplate":1,"minecraft:charcoal":2,"minecraft:stick":212,"minecraft:iron_ingot":59,"minecraft:iron_pickaxe":2,"minecraft:stone_sword":2,"minecraft:gold_ingot":29,"minecraft:black_bed":1,"minecraft:composter":3,"minecraft:cherry_planks":300,"minecraft:wooden_sword":1,"minecraft:stone_shovel":1,"minecraft:mushroom_stew":5,"minecraft:bone_meal":135,"minecraft:dark_oak_fence":72,"minecraft:iron_axe":1,"farmersdelight:cabbage_rolls":1,"quark:cobblestone_bricks":1,"minecraft:stone_pickaxe":4,"blue_skies:trough":3,"quark:birch_bookshelf":6,"cuisinedelight:cuisine_skillet":2,"minecraft:cooked_beef":16,"minecraft:sugar":1,"minecraft:cooked_cod":12,"minecraft:bowl":4,"minecraft:cooked_salmon":1,"minecraft:stone_axe":1,"minecraft:air":0,"crabbersdelight:cooked_tropical_fish":4,"minecraft:wooden_axe":1,"minecraft:iron_shovel":3,"minecraft:iron_leggings":2,"minecraft:white_bed":2,"minecraft:pumpkin_pie":1},"minecraft:mined":{"minecraft:dark_oak_planks":42,"biomesoplenty:glowshroom":16,"minecraft:white_bed":2,"minecraft:farmland":11,"handcrafted:cherry_bench":1,"minecraft:cherry_log":127,"minecraft:brewing_stand":3,"biomesoplenty:burning_blossom":4,"minecraft:granite":8,"biomesoplenty:bramble":29,"minecraft:grass_block":121,"twigs:twig":1,"biomesoplenty:eyebulb":1,"farmersdelight:budding_tomatoes":11,"biomesoplenty:pus_bubble":6,"biomesoplenty:blackstone_bulb":5,"biomesoplenty:bramble_leaves":1,"quark:birch_bookshelf":6,"minecraft:glowstone":1,"minecraft:iron_ore":20,"minecraft:fire":4,"minecraft:pumpkin":2,"supplementaries:stick":1,"diagonalfences:minecraft/dark_oak_fence":8,"minecraft:oak_stairs":2,"illagerinvasion:magic_fire":5,"farmersdelight:organic_compost":3,"supplementaries:book_pile":1,"biomesoplenty:blackstone_spines":3,"twigs:azalea_flowers":12,"minecraft:torch":24,"quark:cobblestone_bricks":32,"tradingpost:trading_post":2,"farmersdelight:cabbages":4,"minecraft:nether_quartz_ore":108,"minecraft:cobblestone":42,"friendsandfoes:buttercup":2,"minecraft:sugar_cane":7,"minecraft:oak_planks":4,"minecraft:iron_door":6,"minecraft:wall_torch":24,"minecraft:cauldron":1,"minecraft:birch_log":79,"minecraft:wheat":423,"minecraft:lilac":1,"biomesoplenty:hair":2,"minecraft:pumpkin_stem":1,"sereneseasons:season_sensor":2,"minecraft:grass":137,"minecraft:oak_log":7,"minecraft:beetroots":1,"minecraft:sand":47,"minecraft:dirt":909,"villagersplus:alchemist_table":4,"minecraft:netherrack":522,"biomesoplenty:glowing_moss_block":1,"minecraft:nether_gold_ore":34,"chipped:mason_table":3,"minecraft:stripped_birch_log":2,"minecraft:jack_o_lantern":3,"farmersdelight:tomatoes":3,"minecraft:spruce_leaves":2,"biomesoplenty:dead_grass":1,"minecraft:red_mushroom":1,"betterend:helix_tree_chest":1,"minecraft:carrots":13,"minecraft:andesite":3,"minecraft:potatoes":11,"minecraft:deepslate_iron_ore":2,"minecraft:stone":1015,"farmersdelight:cooking_pot":2,"minecraft:flowering_azalea":1,"handcrafted:cherry_chair":2,"minecraft:cherry_planks":2,"minecraft:lily_of_the_valley":5,"minecraft:crafting_table":2,"minecraft:rose_bush":6,"minecraft:lightning_rod":1,"minecraft:copper_ore":19,"minecraft:tall_grass":15,"biomesoplenty:sprout":3,"minecraft:deepslate_gold_ore":5,"cuisinedelight:cuisine_skillet":15,"delightful:wild_salmonberries":4,"minecraft:diorite":32,"minecraft:blue_bed":1,"supplementaries:urn":1,"minecraft:birch_planks":42,"farmersdelight:skillet":2,"biomesoplenty:snowblossom_sapling":4,"minecraft:redstone_torch":1,"minecraft:sweet_berry_bush":1,"minecraft:coal_ore":54,"bygonenether:soul_stone":38,"minecraft:gravel":22,"minecraft:cobweb":1,"minecraft:fern":34}},"DataVersion":3465}