{"stats":{"minecraft:picked_up":{"biomesoplenty:burning_blossom":3,"minecraft:crafting_table":2,"minecraft:iron_chestplate":1,"minecraft:wheat":21,"minecraft:chainmail_boots":1,"minecraft:chicken":7,"minecraft:diamond_sword":2,"aether:iron_gloves":2,"friendsandfoes:buttercup":5,"minecraft:shield":1,"biomesoplenty:rainbow_birch_sapling":1,"minecraft:string":2,"minecraft:raw_copper":42,"minecraft:iron_leggings":3,"minecraft:beetroot":1,"minecraft:gold_nugget":156,"minecraft:diamond_leggings":1,"minecraft:cobbled_deepslate":1,"farmersdelight:cabbage":2,"twigs:pebble":8,"minecraft:beef":12,"bygonenether:soul_stone":34,"minecraft:sugar_cane":8,"minecraft:birch_sapling":2,"minecraft:phantom_membrane":1,"farmersdelight:cabbage_seeds":13,"aether:iron_pendant":1,"minecraft:egg":20,"minecraft:golden_helmet":2,"minecraft:stick":1,"minecraft:raw_iron":39,"minecraft:torch":33,"minecraft:white_dye":33,"farmersdelight:tomato_seeds":25,"minecraft:diorite":26,"shieldexp:iron_shield":1,"minecraft:carrot":136,"minecraft:golden_chestplate":1,"minecraft:stone_sword":1,"minecraft:arrow":3,"minecraft:rotten_flesh":25,"minecraft:beetroot_seeds":2,"minecraft:nether_bricks":1,"alexsmobs:flying_fish_boots":1,"supplementaries:ash":11,"minecraft:blaze_rod":3,"villagersplus:alchemist_table":1,"minecraft:glow_berries":1,"minecraft:mutton":23,"alexsmobs:flying_fish":8,"minecraft:cod":8,"minecraft:white_wool":3,"minecraft:cobblestone":282,"minecraft:birch_log":31,"minecraft:feather":21,"minecraft:iron_door":2,"minecraft:andesite":3,"minecraft:red_mushroom":1,"minecraft:golden_leggings":1,"biomesoplenty:glowshroom":19,"minecraft:music_disc_stal":2,"minecraft:potato":127,"minecraft:filled_map":1,"minecraft:birch_planks":1,"minecraft:flint":2,"minecraft:oak_log":7,"minecraft:gunpowder":63,"farmersdelight:tomato":8,"minecraft:dirt":110,"minecraft:stripped_birch_log":2,"biomesoplenty:snowblossom_sapling":2,"minecraft:cooked_mutton":4,"minecraft:glass":18,"minecraft:bone":29,"minecraft:bow":1,"minecraft:wheat_seeds":503,"minecraft:raw_gold":5,"minecraft:iron_ingot":43,"minecraft:stone_pickaxe":1,"minecraft:stone_hoe":1,"minecraft:rabbit":2,"twigs:twig":3,"minecraft:oak_planks":13,"minecraft:flowering_azalea":2,"minecraft:pumpkin":6,"minecraft:quartz":88,"minecraft:gravel":30,"minecraft:sand":47,"twigs:azalea_flowers":12,"minecraft:spruce_sapling":1,"delightful:salmonberries":4,"minecraft:white_bed":2,"minecraft:nether_brick_slab":1,"minecraft:lily_of_the_valley":3,"biomesoplenty:glowing_moss_block":13,"minecraft:spider_eye":2,"biomesoplenty:bramble":29,"minecraft:pumpkin_seeds":1,"minecraft:granite":16,"minecraft:bone_meal":8,"minecraft:bread":4,"minecraft:jack_o_lantern":2,"minecraft:ender_pearl":1,"minecraft:netherrack":345,"minecraft:melon_seeds":4,"minecraft:dark_oak_fence":4,"minecraft:coal":34,"minecraft:diamond_pickaxe":1},"minecraft:used":{"quark:ancient_tome":1,"minecraft:jack_o_lantern":1,"minecraft:stone_sword":89,"crabbersdelight:cooked_tropical_fish":1,"minecraft:stone_shovel":123,"biomesoplenty:glowing_moss_block":13,"farmersdelight:cabbage_seeds":16,"biomesoplenty:glowshroom":19,"minecraft:stone_hoe":133,"minecraft:rotten_flesh":11,"minecraft:netherrack":469,"minecraft:stick":1,"minecraft:torch":31,"minecraft:dirt":95,"farmersdelight:flint_knife":4,"minecraft:lily_of_the_valley":3,"minecraft:carrot":157,"biomesoplenty:snowblossom_sapling":2,"minecraft:golden_chestplate":1,"minecraft:wooden_axe":45,"farmersdelight:tomato":2,"minecraft:music_disc_chirp":1,"minecraft:stone_brick_stairs":1,"minecraft:melon_seeds":4,"minecraft:music_disc_stal":1,"minecraft:cooked_cod":2,"minecraft:beetroot_seeds":10,"minecraft:egg":50,"minecraft:cooked_beef":8,"minecraft:potato":79,"farmersdelight:tomato_seeds":38,"minecraft:iron_leggings":1,"minecraft:cooked_mutton":12,"minecraft:wheat_seeds":461,"friendsandfoes:buttercup":1,"minecraft:stone_pickaxe":186,"minecraft:oak_planks":11,"villagersplus:alchemist_table":1,"minecraft:sugar_cane":7,"minecraft:glow_berries":12,"biomesoplenty:rainbow_birch_sapling":2,"delightful:salmonberries":1,"minecraft:sand":12,"minecraft:crafting_table":2,"minecraft:mushroom_stew":1,"minecraft:white_bed":4,"minecraft:pumpkin_seeds":25,"minecraft:wooden_hoe":143,"minecraft:diamond_pickaxe":435,"minecraft:bread":1,"minecraft:iron_pickaxe":258,"minecraft:iron_door":2,"minecraft:stone_axe":75,"minecraft:diamond_sword":135,"minecraft:wooden_sword":19,"minecraft:cobblestone":15,"minecraft:dark_oak_fence":1,"quark:oak_chest":1,"alexsmobs:animal_dictionary":1,"minecraft:bone_meal":80},"minecraft:killed":{"minecraft:spider":4,"minecraft:phantom":2,"minecraft:skeleton":5,"friendsandfoes:glare":1,"alexsmobs:straddler":1,"alexsmobs:stradpole":3,"minecraft:creeper":2,"minecraft:sheep":1,"alexsmobs:cockroach":1,"minecraft:zombie":21,"goblintraders:vein_goblin_trader":1,"minecraft:wither_skeleton":1,"minecraft:player":1,"minecraft:blaze":3,"minecraft:enderman":1},"minecraft:broken":{"minecraft:stone_pickaxe":1,"minecraft:iron_pickaxe":1,"minecraft:wooden_hoe":2},"minecraft:killed_by":{"minecraft:player":3,"minecraft:creeper":1,"minecraft:enderman":1,"alexsmobs:straddler":1,"alexsmobs:centipede_head":1,"cataclysm:amethyst_crab":1},"minecraft:custom":{"minecraft:mob_kills":47,"minecraft:animals_bred":17,"minecraft:interact_with_crafting_table":46,"minecraft:open_barrel":5,"minecraft:leave_game":3,"minecraft:time_since_death":32623,"minecraft:climb_one_cm":4197,"minecraft:sprint_one_cm":208825,"minecraft:walk_one_cm":1744679,"minecraft:drop":236,"minecraft:talked_to_villager":3,"minecraft:play_time":250982,"minecraft:deaths":8,"minecraft:sneak_time":3681,"minecraft:walk_under_water_one_cm":8657,"minecraft:jump":1192,"minecraft:interact_with_brewingstand":6,"minecraft:interact_with_blast_furnace":28,"minecraft:walk_on_water_one_cm":29582,"minecraft:total_world_time":250982,"minecraft:interact_with_furnace":59,"minecraft:play_record":2,"minecraft:sleep_in_bed":6,"minecraft:time_since_rest":32652,"minecraft:damage_taken":4727,"minecraft:damage_dealt":9127,"twilightforest:life_charms_activated":1,"minecraft:player_kills":1,"minecraft:swim_one_cm":8493,"minecraft:fly_one_cm":60842,"minecraft:open_chest":497,"minecraft:crouch_one_cm":10526,"minecraft:fall_one_cm":12611,"minecraft:horse_one_cm":589},"minecraft:dropped":{"minecraft:iron_ingot":1,"minecraft:birch_planks":39,"minecraft:cooked_beef":2,"minecraft:ender_pearl":4,"minecraft:iron_helmet":1,"minecraft:saddle":1,"minecraft:black_banner":2,"minecraft:carrot_on_a_stick":1,"minecraft:mushroom_stew":3,"twigs:pebble":4,"minecraft:dirt":3,"aether:iron_pendant":1,"minecraft:torch":10,"bygonenether:soul_stone":13,"minecraft:iron_leggings":3,"minecraft:chain":1,"minecraft:gold_nugget":2,"minecraft:flowering_azalea":1,"minecraft:iron_axe":1,"minecraft:string":1,"minecraft:bucket":1,"biomesoplenty:burning_blossom":1,"delightful:salmonberries":3,"minecraft:nether_brick_slab":2,"minecraft:nether_wart":1,"minecraft:golden_chestplate":1,"minecraft:cooked_chicken":8,"minecraft:stone_sword":2,"minecraft:cobbled_deepslate":39,"minecraft:raw_iron":17,"minecraft:rotten_flesh":6,"minecraft:iron_boots":1,"minecraft:diamond_shovel":1,"minecraft:glowstone_dust":2,"minecraft:cooked_mutton":3,"minecraft:nether_bricks":1,"minecraft:filled_map":1,"minecraft:diamond_sword":2,"supplementaries:ash":1,"shieldexp:iron_shield":1,"aether:chainmail_gloves":1,"minecraft:diamond_chestplate":1,"aether:iron_gloves":1,"aether:diamond_gloves":1,"minecraft:diamond_pickaxe":3,"minecraft:oak_boat":1,"minecraft:arrow":42,"minecraft:bow":1,"minecraft:stone_pickaxe":2,"minecraft:quartz":16,"minecraft:netherrack":21},"minecraft:crafted":{"minecraft:brick":1,"minecraft:wooden_sword":1,"minecraft:oak_planks":28,"minecraft:stone_shovel":1,"minecraft:blaze_powder":4,"minecraft:cooked_chicken":10,"minecraft:mushroom_stew":4,"minecraft:bone_meal":72,"minecraft:cooked_mutton":25,"minecraft:iron_boots":2,"minecraft:stone_pickaxe":4,"minecraft:stone_hoe":2,"minecraft:cooked_rabbit":2,"minecraft:cooked_beef":16,"minecraft:sugar":1,"minecraft:cooked_cod":12,"minecraft:crafting_table":2,"minecraft:iron_helmet":2,"minecraft:bowl":4,"minecraft:birch_planks":48,"minecraft:stone_axe":1,"minecraft:air":0,"crabbersdelight:cooked_tropical_fish":4,"minecraft:wooden_hoe":2,"minecraft:iron_chestplate":1,"minecraft:stick":48,"minecraft:iron_ingot":20,"minecraft:iron_pickaxe":2,"minecraft:wooden_axe":1,"minecraft:stone_sword":2,"minecraft:gold_ingot":29,"minecraft:iron_leggings":2,"minecraft:white_bed":2,"minecraft:pumpkin_pie":1},"minecraft:mined":{"minecraft:nether_gold_ore":34,"biomesoplenty:glowshroom":1,"minecraft:white_bed":2,"minecraft:farmland":5,"minecraft:stripped_birch_log":2,"minecraft:jack_o_lantern":1,"minecraft:granite":8,"biomesoplenty:burning_blossom":4,"biomesoplenty:bramble":29,"minecraft:grass_block":62,"twigs:twig":1,"biomesoplenty:eyebulb":1,"farmersdelight:tomatoes":3,"farmersdelight:budding_tomatoes":10,"minecraft:red_mushroom":1,"minecraft:spruce_leaves":2,"biomesoplenty:dead_grass":1,"biomesoplenty:pus_bubble":6,"biomesoplenty:blackstone_bulb":5,"biomesoplenty:bramble_leaves":1,"minecraft:glowstone":1,"minecraft:carrots":13,"minecraft:iron_ore":20,"minecraft:fire":4,"minecraft:andesite":3,"minecraft:pumpkin":2,"supplementaries:stick":1,"minecraft:potatoes":8,"diagonalfences:minecraft/dark_oak_fence":4,"minecraft:deepslate_iron_ore":2,"minecraft:stone":270,"minecraft:flowering_azalea":1,"supplementaries:book_pile":1,"minecraft:lily_of_the_valley":3,"biomesoplenty:blackstone_spines":2,"twigs:azalea_flowers":12,"minecraft:crafting_table":2,"minecraft:torch":16,"minecraft:nether_quartz_ore":94,"minecraft:copper_ore":13,"minecraft:tall_grass":14,"friendsandfoes:buttercup":1,"biomesoplenty:sprout":3,"minecraft:deepslate_gold_ore":5,"minecraft:oak_planks":3,"minecraft:sugar_cane":7,"delightful:wild_salmonberries":4,"minecraft:iron_door":4,"minecraft:diorite":29,"minecraft:wall_torch":11,"supplementaries:urn":1,"minecraft:birch_log":31,"minecraft:wheat":413,"biomesoplenty:hair":2,"minecraft:pumpkin_stem":1,"minecraft:grass":130,"minecraft:oak_log":7,"minecraft:coal_ore":36,"minecraft:beetroots":1,"bygonenether:soul_stone":36,"minecraft:gravel":10,"minecraft:sand":47,"minecraft:dirt":24,"villagersplus:alchemist_table":1,"minecraft:netherrack":289,"minecraft:fern":32}},"DataVersion":3465}