{"stats":{"minecraft:custom":{"minecraft:mob_kills":14,"minecraft:animals_bred":11,"minecraft:interact_with_crafting_table":30,"minecraft:leave_game":2,"minecraft:time_since_death":7753,"minecraft:sprint_one_cm":84307,"minecraft:walk_one_cm":762076,"minecraft:drop":45,"minecraft:talked_to_villager":1,"minecraft:play_time":110383,"minecraft:deaths":4,"minecraft:sneak_time":1172,"minecraft:walk_under_water_one_cm":6804,"minecraft:jump":526,"minecraft:interact_with_blast_furnace":7,"minecraft:walk_on_water_one_cm":20418,"minecraft:total_world_time":110383,"minecraft:interact_with_furnace":24,"minecraft:play_record":1,"minecraft:sleep_in_bed":6,"minecraft:time_since_rest":7848,"minecraft:damage_taken":2619,"minecraft:damage_dealt":2882,"twilightforest:life_charms_activated":1,"minecraft:swim_one_cm":4827,"minecraft:fly_one_cm":26535,"minecraft:open_chest":164,"minecraft:crouch_one_cm":2976,"minecraft:fall_one_cm":7174,"minecraft:horse_one_cm":589},"minecraft:broken":{"minecraft:stone_pickaxe":1},"minecraft:picked_up":{"minecraft:iron_chestplate":1,"minecraft:crafting_table":1,"minecraft:wheat":13,"minecraft:chicken":3,"minecraft:chainmail_boots":1,"minecraft:diamond_sword":1,"friendsandfoes:buttercup":5,"biomesoplenty:rainbow_birch_sapling":1,"minecraft:string":1,"minecraft:raw_copper":27,"minecraft:iron_leggings":3,"minecraft:cobbled_deepslate":1,"twigs:pebble":4,"minecraft:sugar_cane":8,"minecraft:birch_sapling":2,"minecraft:egg":8,"minecraft:golden_helmet":2,"minecraft:raw_iron":39,"minecraft:torch":19,"minecraft:white_dye":33,"farmersdelight:tomato_seeds":1,"minecraft:diorite":4,"minecraft:carrot":1,"minecraft:golden_chestplate":1,"minecraft:stone_sword":1,"minecraft:arrow":1,"minecraft:rotten_flesh":11,"supplementaries:ash":1,"villagersplus:alchemist_table":1,"minecraft:mutton":2,"minecraft:white_wool":2,"minecraft:cobblestone":122,"minecraft:birch_log":31,"minecraft:feather":21,"minecraft:golden_leggings":1,"minecraft:music_disc_stal":1,"minecraft:birch_planks":1,"minecraft:potato":2,"minecraft:filled_map":1,"minecraft:flint":1,"minecraft:oak_log":7,"minecraft:gunpowder":1,"minecraft:stripped_birch_log":2,"minecraft:dirt":34,"biomesoplenty:snowblossom_sapling":1,"minecraft:cooked_mutton":1,"minecraft:bone":4,"minecraft:bow":1,"minecraft:wheat_seeds":64,"minecraft:raw_gold":5,"minecraft:stone_pickaxe":1,"minecraft:iron_ingot":43,"twigs:twig":3,"minecraft:oak_planks":13,"minecraft:flowering_azalea":2,"minecraft:pumpkin":4,"minecraft:gravel":10,"minecraft:sand":40,"twigs:azalea_flowers":12,"minecraft:spruce_sapling":1,"delightful:salmonberries":4,"minecraft:white_bed":2,"minecraft:lily_of_the_valley":3,"minecraft:bone_meal":8,"minecraft:bread":4,"minecraft:jack_o_lantern":2,"minecraft:coal":34,"minecraft:diamond_pickaxe":1},"minecraft:mined":{"minecraft:white_bed":2,"minecraft:stripped_birch_log":2,"minecraft:jack_o_lantern":1,"twigs:twig":1,"minecraft:spruce_leaves":2,"minecraft:iron_ore":20,"minecraft:deepslate_iron_ore":2,"minecraft:stone":108,"minecraft:flowering_azalea":1,"minecraft:lily_of_the_valley":3,"twigs:azalea_flowers":12,"minecraft:crafting_table":1,"minecraft:torch":9,"minecraft:copper_ore":9,"minecraft:tall_grass":12,"friendsandfoes:buttercup":1,"minecraft:deepslate_gold_ore":5,"minecraft:oak_planks":3,"minecraft:sugar_cane":7,"delightful:wild_salmonberries":4,"minecraft:diorite":2,"minecraft:wall_torch":8,"supplementaries:urn":1,"minecraft:birch_log":31,"minecraft:wheat":9,"minecraft:grass":112,"minecraft:oak_log":7,"minecraft:coal_ore":36,"minecraft:sand":45,"minecraft:gravel":3,"minecraft:dirt":15,"villagersplus:alchemist_table":1,"minecraft:fern":25},"minecraft:used":{"minecraft:jack_o_lantern":1,"minecraft:stone_sword":89,"minecraft:stone_shovel":41,"minecraft:rotten_flesh":6,"minecraft:torch":20,"minecraft:dirt":21,"minecraft:lily_of_the_valley":3,"minecraft:carrot":1,"biomesoplenty:snowblossom_sapling":1,"minecraft:golden_chestplate":1,"minecraft:wooden_axe":45,"minecraft:music_disc_stal":1,"minecraft:beetroot_seeds":1,"minecraft:egg":42,"minecraft:potato":2,"minecraft:cooked_beef":6,"farmersdelight:tomato_seeds":12,"minecraft:iron_leggings":1,"minecraft:wheat_seeds":26,"friendsandfoes:buttercup":1,"minecraft:cooked_mutton":3,"minecraft:stone_pickaxe":186,"minecraft:oak_planks":11,"villagersplus:alchemist_table":1,"minecraft:sugar_cane":7,"biomesoplenty:rainbow_birch_sapling":2,"minecraft:glow_berries":10,"delightful:salmonberries":1,"minecraft:sand":12,"minecraft:crafting_table":2,"minecraft:mushroom_stew":1,"minecraft:white_bed":4,"minecraft:pumpkin_seeds":24,"minecraft:wooden_hoe":69,"minecraft:bread":1,"minecraft:iron_pickaxe":7,"minecraft:diamond_sword":1,"minecraft:wooden_sword":19,"minecraft:cobblestone":3,"quark:oak_chest":1,"alexsmobs:animal_dictionary":1,"minecraft:bone_meal":14},"minecraft:killed":{"minecraft:spider":2,"minecraft:skeleton":2,"friendsandfoes:glare":1,"minecraft:zombie":9},"minecraft:killed_by":{"minecraft:player":1,"minecraft:creeper":1,"alexsmobs:centipede_head":1,"cataclysm:amethyst_crab":1},"minecraft:dropped":{"minecraft:iron_ingot":1,"minecraft:birch_planks":39,"minecraft:mushroom_stew":3,"minecraft:dirt":3,"minecraft:iron_leggings":1,"minecraft:flowering_azalea":1,"delightful:salmonberries":3,"minecraft:cooked_chicken":6,"minecraft:golden_chestplate":1,"minecraft:stone_sword":2,"minecraft:raw_iron":17,"minecraft:rotten_flesh":6,"minecraft:cooked_mutton":1,"minecraft:filled_map":1,"minecraft:stone_pickaxe":2},"minecraft:crafted":{"minecraft:brick":1,"minecraft:wooden_sword":1,"minecraft:oak_planks":28,"minecraft:stone_shovel":1,"minecraft:cooked_chicken":6,"minecraft:mushroom_stew":4,"minecraft:bone_meal":6,"minecraft:cooked_mutton":5,"minecraft:iron_boots":2,"minecraft:stone_pickaxe":4,"minecraft:cooked_beef":6,"minecraft:sugar":1,"minecraft:crafting_table":2,"minecraft:iron_helmet":2,"minecraft:bowl":4,"minecraft:birch_planks":48,"minecraft:stone_axe":1,"minecraft:air":0,"minecraft:iron_chestplate":1,"minecraft:wooden_hoe":2,"minecraft:stick":44,"minecraft:iron_ingot":8,"minecraft:iron_pickaxe":1,"minecraft:wooden_axe":1,"minecraft:stone_sword":2,"minecraft:iron_leggings":2,"minecraft:white_bed":2,"minecraft:pumpkin_pie":1}},"DataVersion":3465}